ISO,Year,Month,Zone,Zone_Name,Avg_DA_LMP
ISONE,2016,1,4000_ISONE,ISO NE CA,38.6
ISONE,2016,1,4001_Maine,ME,37.21
ISONE,2016,1,4002_NH,NH,38.36
ISONE,2016,1,4003_Vermont,VT,38.4
ISONE,2016,1,4004_Connecticut,CT,38.35
ISONE,2016,1,4005_Rhode_Island,RI,38.54
ISONE,2016,1,4006_SEMA,SEMA,38.73
ISONE,2016,1,4007_WCMA,WCMA,38.68
ISONE,2016,1,4008_NEMA,NEMA,38.63
ISONE,2016,2,4000_ISONE,ISO NE CA,29.9
ISONE,2016,2,4001_Maine,ME,28.62
ISONE,2016,2,4002_NH,NH,29.57
ISONE,2016,2,4003_Vermont,VT,29.79
ISONE,2016,2,4004_Connecticut,CT,29.89
ISONE,2016,2,4005_Rhode_Island,RI,29.93
ISONE,2016,2,4006_SEMA,SEMA,30.12
ISONE,2016,2,4007_WCMA,WCMA,29.97
ISONE,2016,2,4008_NEMA,NEMA,29.83
ISONE,2016,3,4000_ISONE,ISO NE CA,20.62
ISONE,2016,3,4001_Maine,ME,19.97
ISONE,2016,3,4002_NH,NH,20.52
ISONE,2016,3,4003_Vermont,VT,20.53
ISONE,2016,3,4004_Connecticut,CT,20.57
ISONE,2016,3,4005_Rhode_Island,RI,20.52
ISONE,2016,3,4006_SEMA,SEMA,20.73
ISONE,2016,3,4007_WCMA,WCMA,20.66
ISONE,2016,3,4008_NEMA,NEMA,20.69
ISONE,2016,4,4000_ISONE,ISO NE CA,28.36
ISONE,2016,4,4001_Maine,ME,27.72
ISONE,2016,4,4002_NH,NH,28.18
ISONE,2016,4,4003_Vermont,VT,27.91
ISONE,2016,4,4004_Connecticut,CT,28.11
ISONE,2016,4,4005_Rhode_Island,RI,28.3
ISONE,2016,4,4006_SEMA,SEMA,28.43
ISONE,2016,4,4007_WCMA,WCMA,28.33
ISONE,2016,4,4008_NEMA,NEMA,28.43
ISONE,2016,5,4000_ISONE,ISO NE CA,21.24
ISONE,2016,5,4001_Maine,ME,20.82
ISONE,2016,5,4002_NH,NH,21.12
ISONE,2016,5,4003_Vermont,VT,21.06
ISONE,2016,5,4004_Connecticut,CT,21.24
ISONE,2016,5,4005_Rhode_Island,RI,20.99
ISONE,2016,5,4006_SEMA,SEMA,21.02
ISONE,2016,5,4007_WCMA,WCMA,21.26
ISONE,2016,5,4008_NEMA,NEMA,21.18
ISONE,2016,6,4000_ISONE,ISO NE CA,22.61
ISONE,2016,6,4001_Maine,ME,22.28
ISONE,2016,6,4002_NH,NH,22.63
ISONE,2016,6,4003_Vermont,VT,22.83
ISONE,2016,6,4004_Connecticut,CT,22.94
ISONE,2016,6,4005_Rhode_Island,RI,22.43
ISONE,2016,6,4006_SEMA,SEMA,22.45
ISONE,2016,6,4007_WCMA,WCMA,22.75
ISONE,2016,6,4008_NEMA,NEMA,23.04
ISONE,2016,7,4000_ISONE,ISO NE CA,31.12
ISONE,2016,7,4001_Maine,ME,30.09
ISONE,2016,7,4002_NH,NH,30.98
ISONE,2016,7,4003_Vermont,VT,31.34
ISONE,2016,7,4004_Connecticut,CT,31.5
ISONE,2016,7,4005_Rhode_Island,RI,30.87
ISONE,2016,7,4006_SEMA,SEMA,30.96
ISONE,2016,7,4007_WCMA,WCMA,31.28
ISONE,2016,7,4008_NEMA,NEMA,31.63
ISONE,2016,8,4000_ISONE,ISO NE CA,35.54
ISONE,2016,8,4001_Maine,ME,34.52
ISONE,2016,8,4002_NH,NH,35.41
ISONE,2016,8,4003_Vermont,VT,35.67
ISONE,2016,8,4004_Connecticut,CT,35.62
ISONE,2016,8,4005_Rhode_Island,RI,35.38
ISONE,2016,8,4006_SEMA,SEMA,35.76
ISONE,2016,8,4007_WCMA,WCMA,35.63
ISONE,2016,8,4008_NEMA,NEMA,35.55
ISONE,2016,9,4000_ISONE,ISO NE CA,28.62
ISONE,2016,9,4001_Maine,ME,28.14
ISONE,2016,9,4002_NH,NH,28.54
ISONE,2016,9,4003_Vermont,VT,28.7
ISONE,2016,9,4004_Connecticut,CT,29.07
ISONE,2016,9,4005_Rhode_Island,RI,28.4
ISONE,2016,9,4006_SEMA,SEMA,28.59
ISONE,2016,9,4007_WCMA,WCMA,28.7
ISONE,2016,9,4008_NEMA,NEMA,34.61
ISONE,2016,10,4000_ISONE,ISO NE CA,21.98
ISONE,2016,10,4001_Maine,ME,21.98
ISONE,2016,10,4002_NH,NH,22.07
ISONE,2016,10,4003_Vermont,VT,21.89
ISONE,2016,10,4004_Connecticut,CT,21.86
ISONE,2016,10,4005_Rhode_Island,RI,22.09
ISONE,2016,10,4006_SEMA,SEMA,22.79
ISONE,2016,10,4007_WCMA,WCMA,22.12
ISONE,2016,10,4008_NEMA,NEMA,24.68
ISONE,2016,11,4000_ISONE,ISO NE CA,25.0
ISONE,2016,11,4001_Maine,ME,24.64
ISONE,2016,11,4002_NH,NH,24.9
ISONE,2016,11,4003_Vermont,VT,24.52
ISONE,2016,11,4004_Connecticut,CT,24.83
ISONE,2016,11,4005_Rhode_Island,RI,24.87
ISONE,2016,11,4006_SEMA,SEMA,24.96
ISONE,2016,11,4007_WCMA,WCMA,25.04
ISONE,2016,11,4008_NEMA,NEMA,25.99
ISONE,2016,12,4000_ISONE,ISO NE CA,53.28
ISONE,2016,12,4001_Maine,ME,52.42
ISONE,2016,12,4002_NH,NH,52.96
ISONE,2016,12,4003_Vermont,VT,52.81
ISONE,2016,12,4004_Connecticut,CT,52.78
ISONE,2016,12,4005_Rhode_Island,RI,53.12
ISONE,2016,12,4006_SEMA,SEMA,53.53
ISONE,2016,12,4007_WCMA,WCMA,53.29
ISONE,2016,12,4008_NEMA,NEMA,53.23
ISONE,2017,1,4000_ISONE,ISO NE CA,40.3
ISONE,2017,1,4001_Maine,ME,39.49
ISONE,2017,1,4002_NH,NH,40.09
ISONE,2017,1,4003_Vermont,VT,39.72
ISONE,2017,1,4004_Connecticut,CT,40.04
ISONE,2017,1,4005_Rhode_Island,RI,40.14
ISONE,2017,1,4006_SEMA,SEMA,40.17
ISONE,2017,1,4007_WCMA,WCMA,40.35
ISONE,2017,1,4008_NEMA,NEMA,40.22
ISONE,2017,2,4000_ISONE,ISO NE CA,30.02
ISONE,2017,2,4001_Maine,ME,29.46
ISONE,2017,2,4002_NH,NH,30.04
ISONE,2017,2,4003_Vermont,VT,29.83
ISONE,2017,2,4004_Connecticut,CT,30.24
ISONE,2017,2,4005_Rhode_Island,RI,29.94
ISONE,2017,2,4006_SEMA,SEMA,29.97
ISONE,2017,2,4007_WCMA,WCMA,30.12
ISONE,2017,2,4008_NEMA,NEMA,30.33
ISONE,2017,3,4000_ISONE,ISO NE CA,35.78
ISONE,2017,3,4001_Maine,ME,34.54
ISONE,2017,3,4002_NH,NH,35.32
ISONE,2017,3,4003_Vermont,VT,35.27
ISONE,2017,3,4004_Connecticut,CT,36.07
ISONE,2017,3,4005_Rhode_Island,RI,35.53
ISONE,2017,3,4006_SEMA,SEMA,35.58
ISONE,2017,3,4007_WCMA,WCMA,35.9
ISONE,2017,3,4008_NEMA,NEMA,35.57
ISONE,2017,4,4000_ISONE,ISO NE CA,29.23
ISONE,2017,4,4001_Maine,ME,28.65
ISONE,2017,4,4002_NH,NH,29.23
ISONE,2017,4,4003_Vermont,VT,28.57
ISONE,2017,4,4004_Connecticut,CT,29.71
ISONE,2017,4,4005_Rhode_Island,RI,28.9
ISONE,2017,4,4006_SEMA,SEMA,29.1
ISONE,2017,4,4007_WCMA,WCMA,29.33
ISONE,2017,4,4008_NEMA,NEMA,29.24
ISONE,2017,5,4000_ISONE,ISO NE CA,27.31
ISONE,2017,5,4001_Maine,ME,25.15
ISONE,2017,5,4002_NH,NH,26.26
ISONE,2017,5,4003_Vermont,VT,26.51
ISONE,2017,5,4004_Connecticut,CT,27.56
ISONE,2017,5,4005_Rhode_Island,RI,27.15
ISONE,2017,5,4006_SEMA,SEMA,27.34
ISONE,2017,5,4007_WCMA,WCMA,27.34
ISONE,2017,5,4008_NEMA,NEMA,27.76
ISONE,2017,6,4000_ISONE,ISO NE CA,25.48
ISONE,2017,6,4001_Maine,ME,24.79
ISONE,2017,6,4002_NH,NH,25.08
ISONE,2017,6,4003_Vermont,VT,25.39
ISONE,2017,6,4004_Connecticut,CT,26.02
ISONE,2017,6,4005_Rhode_Island,RI,25.32
ISONE,2017,6,4006_SEMA,SEMA,25.34
ISONE,2017,6,4007_WCMA,WCMA,25.59
ISONE,2017,6,4008_NEMA,NEMA,25.47
ISONE,2017,7,4000_ISONE,ISO NE CA,27.6
ISONE,2017,7,4001_Maine,ME,27.0
ISONE,2017,7,4002_NH,NH,27.66
ISONE,2017,7,4003_Vermont,VT,27.67
ISONE,2017,7,4004_Connecticut,CT,27.92
ISONE,2017,7,4005_Rhode_Island,RI,27.46
ISONE,2017,7,4006_SEMA,SEMA,27.56
ISONE,2017,7,4007_WCMA,WCMA,27.74
ISONE,2017,7,4008_NEMA,NEMA,27.59
ISONE,2017,8,4000_ISONE,ISO NE CA,24.9
ISONE,2017,8,4001_Maine,ME,24.56
ISONE,2017,8,4002_NH,NH,24.98
ISONE,2017,8,4003_Vermont,VT,25.06
ISONE,2017,8,4004_Connecticut,CT,25.14
ISONE,2017,8,4005_Rhode_Island,RI,24.75
ISONE,2017,8,4006_SEMA,SEMA,24.79
ISONE,2017,8,4007_WCMA,WCMA,25.02
ISONE,2017,8,4008_NEMA,NEMA,24.84
ISONE,2017,9,4000_ISONE,ISO NE CA,23.57
ISONE,2017,9,4001_Maine,ME,23.96
ISONE,2017,9,4002_NH,NH,23.74
ISONE,2017,9,4003_Vermont,VT,23.78
ISONE,2017,9,4004_Connecticut,CT,23.9
ISONE,2017,9,4005_Rhode_Island,RI,23.29
ISONE,2017,9,4006_SEMA,SEMA,23.27
ISONE,2017,9,4007_WCMA,WCMA,23.67
ISONE,2017,9,4008_NEMA,NEMA,23.72
ISONE,2017,10,4000_ISONE,ISO NE CA,29.74
ISONE,2017,10,4001_Maine,ME,28.8
ISONE,2017,10,4002_NH,NH,29.34
ISONE,2017,10,4003_Vermont,VT,29.39
ISONE,2017,10,4004_Connecticut,CT,29.55
ISONE,2017,10,4005_Rhode_Island,RI,29.32
ISONE,2017,10,4006_SEMA,SEMA,29.45
ISONE,2017,10,4007_WCMA,WCMA,29.83
ISONE,2017,10,4008_NEMA,NEMA,29.94
ISONE,2017,11,4000_ISONE,ISO NE CA,34.01
ISONE,2017,11,4001_Maine,ME,33.05
ISONE,2017,11,4002_NH,NH,33.82
ISONE,2017,11,4003_Vermont,VT,33.58
ISONE,2017,11,4004_Connecticut,CT,33.6
ISONE,2017,11,4005_Rhode_Island,RI,33.71
ISONE,2017,11,4006_SEMA,SEMA,34.14
ISONE,2017,11,4007_WCMA,WCMA,34.04
ISONE,2017,11,4008_NEMA,NEMA,34.27
ISONE,2017,12,4000_ISONE,ISO NE CA,71.31
ISONE,2017,12,4001_Maine,ME,69.63
ISONE,2017,12,4002_NH,NH,71.06
ISONE,2017,12,4003_Vermont,VT,70.89
ISONE,2017,12,4004_Connecticut,CT,69.59
ISONE,2017,12,4005_Rhode_Island,RI,71.15
ISONE,2017,12,4006_SEMA,SEMA,71.63
ISONE,2017,12,4007_WCMA,WCMA,71.33
ISONE,2017,12,4008_NEMA,NEMA,71.6
ISONE,2018,1,4000_ISONE,ISO NE CA,108.75
ISONE,2018,1,4001_Maine,ME,102.23
ISONE,2018,1,4002_NH,NH,106.78
ISONE,2018,1,4003_Vermont,VT,107.25
ISONE,2018,1,4004_Connecticut,CT,107.21
ISONE,2018,1,4005_Rhode_Island,RI,109.11
ISONE,2018,1,4006_SEMA,SEMA,108.81
ISONE,2018,1,4007_WCMA,WCMA,108.74
ISONE,2018,1,4008_NEMA,NEMA,108.47
ISONE,2018,2,4000_ISONE,ISO NE CA,39.58
ISONE,2018,2,4001_Maine,ME,38.45
ISONE,2018,2,4002_NH,NH,39.34
ISONE,2018,2,4003_Vermont,VT,39.35
ISONE,2018,2,4004_Connecticut,CT,39.34
ISONE,2018,2,4005_Rhode_Island,RI,39.52
ISONE,2018,2,4006_SEMA,SEMA,39.53
ISONE,2018,2,4007_WCMA,WCMA,39.66
ISONE,2018,2,4008_NEMA,NEMA,39.49
ISONE,2018,3,4000_ISONE,ISO NE CA,35.37
ISONE,2018,3,4001_Maine,ME,33.88
ISONE,2018,3,4002_NH,NH,35.19
ISONE,2018,3,4003_Vermont,VT,35.01
ISONE,2018,3,4004_Connecticut,CT,35.21
ISONE,2018,3,4005_Rhode_Island,RI,35.37
ISONE,2018,3,4006_SEMA,SEMA,35.63
ISONE,2018,3,4007_WCMA,WCMA,35.43
ISONE,2018,3,4008_NEMA,NEMA,35.41
ISONE,2018,4,4000_ISONE,ISO NE CA,45.0
ISONE,2018,4,4001_Maine,ME,41.02
ISONE,2018,4,4002_NH,NH,44.68
ISONE,2018,4,4003_Vermont,VT,44.09
ISONE,2018,4,4004_Connecticut,CT,44.56
ISONE,2018,4,4005_Rhode_Island,RI,45.44
ISONE,2018,4,4006_SEMA,SEMA,46.5
ISONE,2018,4,4007_WCMA,WCMA,45.08
ISONE,2018,4,4008_NEMA,NEMA,46.95
ISONE,2018,5,4000_ISONE,ISO NE CA,24.04
ISONE,2018,5,4001_Maine,ME,22.83
ISONE,2018,5,4002_NH,NH,24.02
ISONE,2018,5,4003_Vermont,VT,23.92
ISONE,2018,5,4004_Connecticut,CT,24.19
ISONE,2018,5,4005_Rhode_Island,RI,23.94
ISONE,2018,5,4006_SEMA,SEMA,24.08
ISONE,2018,5,4007_WCMA,WCMA,24.15
ISONE,2018,5,4008_NEMA,NEMA,24.15
ISONE,2018,6,4000_ISONE,ISO NE CA,26.82
ISONE,2018,6,4001_Maine,ME,26.41
ISONE,2018,6,4002_NH,NH,26.88
ISONE,2018,6,4003_Vermont,VT,26.85
ISONE,2018,6,4004_Connecticut,CT,27.22
ISONE,2018,6,4005_Rhode_Island,RI,26.62
ISONE,2018,6,4006_SEMA,SEMA,26.87
ISONE,2018,6,4007_WCMA,WCMA,26.93
ISONE,2018,6,4008_NEMA,NEMA,26.87
ISONE,2018,7,4000_ISONE,ISO NE CA,32.89
ISONE,2018,7,4001_Maine,ME,32.38
ISONE,2018,7,4002_NH,NH,33.02
ISONE,2018,7,4003_Vermont,VT,33.1
ISONE,2018,7,4004_Connecticut,CT,32.87
ISONE,2018,7,4005_Rhode_Island,RI,32.7
ISONE,2018,7,4006_SEMA,SEMA,32.84
ISONE,2018,7,4007_WCMA,WCMA,33.01
ISONE,2018,7,4008_NEMA,NEMA,32.92
ISONE,2018,8,4000_ISONE,ISO NE CA,39.16
ISONE,2018,8,4001_Maine,ME,38.69
ISONE,2018,8,4002_NH,NH,39.34
ISONE,2018,8,4003_Vermont,VT,39.22
ISONE,2018,8,4004_Connecticut,CT,38.65
ISONE,2018,8,4005_Rhode_Island,RI,39.2
ISONE,2018,8,4006_SEMA,SEMA,39.66
ISONE,2018,8,4007_WCMA,WCMA,39.2
ISONE,2018,8,4008_NEMA,NEMA,39.42
ISONE,2018,9,4000_ISONE,ISO NE CA,33.89
ISONE,2018,9,4001_Maine,ME,33.24
ISONE,2018,9,4002_NH,NH,34.12
ISONE,2018,9,4003_Vermont,VT,33.72
ISONE,2018,9,4004_Connecticut,CT,33.33
ISONE,2018,9,4005_Rhode_Island,RI,34.12
ISONE,2018,9,4006_SEMA,SEMA,35.95
ISONE,2018,9,4007_WCMA,WCMA,33.94
ISONE,2018,9,4008_NEMA,NEMA,34.15
ISONE,2018,10,4000_ISONE,ISO NE CA,38.46
ISONE,2018,10,4001_Maine,ME,37.71
ISONE,2018,10,4002_NH,NH,38.85
ISONE,2018,10,4003_Vermont,VT,37.82
ISONE,2018,10,4004_Connecticut,CT,37.76
ISONE,2018,10,4005_Rhode_Island,RI,38.23
ISONE,2018,10,4006_SEMA,SEMA,39.47
ISONE,2018,10,4007_WCMA,WCMA,38.48
ISONE,2018,10,4008_NEMA,NEMA,38.86
ISONE,2018,11,4000_ISONE,ISO NE CA,57.48
ISONE,2018,11,4001_Maine,ME,56.37
ISONE,2018,11,4002_NH,NH,57.64
ISONE,2018,11,4003_Vermont,VT,56.63
ISONE,2018,11,4004_Connecticut,CT,56.12
ISONE,2018,11,4005_Rhode_Island,RI,57.15
ISONE,2018,11,4006_SEMA,SEMA,57.67
ISONE,2018,11,4007_WCMA,WCMA,57.51
ISONE,2018,11,4008_NEMA,NEMA,58.06
ISONE,2018,12,4000_ISONE,ISO NE CA,47.31
ISONE,2018,12,4001_Maine,ME,47.53
ISONE,2018,12,4002_NH,NH,47.7
ISONE,2018,12,4003_Vermont,VT,46.67
ISONE,2018,12,4004_Connecticut,CT,45.87
ISONE,2018,12,4005_Rhode_Island,RI,47.05
ISONE,2018,12,4006_SEMA,SEMA,47.55
ISONE,2018,12,4007_WCMA,WCMA,47.28
ISONE,2018,12,4008_NEMA,NEMA,47.82
ISONE,2019,1,4000_ISONE,ISO NE CA,56.76
ISONE,2019,1,4001_Maine,ME,55.53
ISONE,2019,1,4002_NH,NH,56.43
ISONE,2019,1,4003_Vermont,VT,55.79
ISONE,2019,1,4004_Connecticut,CT,55.81
ISONE,2019,1,4005_Rhode_Island,RI,56.89
ISONE,2019,1,4006_SEMA,SEMA,56.97
ISONE,2019,1,4007_WCMA,WCMA,56.74
ISONE,2019,1,4008_NEMA,NEMA,57.07
ISONE,2019,2,4000_ISONE,ISO NE CA,35.62
ISONE,2019,2,4001_Maine,ME,35.01
ISONE,2019,2,4002_NH,NH,35.76
ISONE,2019,2,4003_Vermont,VT,35.06
ISONE,2019,2,4004_Connecticut,CT,35.01
ISONE,2019,2,4005_Rhode_Island,RI,35.64
ISONE,2019,2,4006_SEMA,SEMA,35.66
ISONE,2019,2,4007_WCMA,WCMA,35.64
ISONE,2019,2,4008_NEMA,NEMA,35.9
ISONE,2019,3,4000_ISONE,ISO NE CA,38.06
ISONE,2019,3,4001_Maine,ME,37.39
ISONE,2019,3,4002_NH,NH,37.99
ISONE,2019,3,4003_Vermont,VT,37.52
ISONE,2019,3,4004_Connecticut,CT,37.82
ISONE,2019,3,4005_Rhode_Island,RI,37.9
ISONE,2019,3,4006_SEMA,SEMA,38.03
ISONE,2019,3,4007_WCMA,WCMA,38.13
ISONE,2019,3,4008_NEMA,NEMA,38.22
ISONE,2019,4,4000_ISONE,ISO NE CA,26.97
ISONE,2019,4,4001_Maine,ME,26.31
ISONE,2019,4,4002_NH,NH,26.76
ISONE,2019,4,4003_Vermont,VT,26.27
ISONE,2019,4,4004_Connecticut,CT,26.85
ISONE,2019,4,4005_Rhode_Island,RI,26.83
ISONE,2019,4,4006_SEMA,SEMA,26.97
ISONE,2019,4,4007_WCMA,WCMA,27.03
ISONE,2019,4,4008_NEMA,NEMA,27.03
ISONE,2019,5,4000_ISONE,ISO NE CA,24.21
ISONE,2019,5,4001_Maine,ME,23.83
ISONE,2019,5,4002_NH,NH,24.23
ISONE,2019,5,4003_Vermont,VT,23.65
ISONE,2019,5,4004_Connecticut,CT,23.92
ISONE,2019,5,4005_Rhode_Island,RI,24.18
ISONE,2019,5,4006_SEMA,SEMA,24.77
ISONE,2019,5,4007_WCMA,WCMA,24.27
ISONE,2019,5,4008_NEMA,NEMA,24.43
ISONE,2019,6,4000_ISONE,ISO NE CA,22.09
ISONE,2019,6,4001_Maine,ME,21.97
ISONE,2019,6,4002_NH,NH,22.13
ISONE,2019,6,4003_Vermont,VT,21.71
ISONE,2019,6,4004_Connecticut,CT,21.82
ISONE,2019,6,4005_Rhode_Island,RI,22.12
ISONE,2019,6,4006_SEMA,SEMA,22.54
ISONE,2019,6,4007_WCMA,WCMA,22.09
ISONE,2019,6,4008_NEMA,NEMA,22.32
ISONE,2019,7,4000_ISONE,ISO NE CA,29.78
ISONE,2019,7,4001_Maine,ME,29.09
ISONE,2019,7,4002_NH,NH,29.68
ISONE,2019,7,4003_Vermont,VT,29.47
ISONE,2019,7,4004_Connecticut,CT,29.3
ISONE,2019,7,4005_Rhode_Island,RI,29.82
ISONE,2019,7,4006_SEMA,SEMA,30.31
ISONE,2019,7,4007_WCMA,WCMA,29.81
ISONE,2019,7,4008_NEMA,NEMA,31.08
ISONE,2019,8,4000_ISONE,ISO NE CA,25.69
ISONE,2019,8,4001_Maine,ME,25.86
ISONE,2019,8,4002_NH,NH,26.0
ISONE,2019,8,4003_Vermont,VT,25.48
ISONE,2019,8,4004_Connecticut,CT,25.19
ISONE,2019,8,4005_Rhode_Island,RI,25.54
ISONE,2019,8,4006_SEMA,SEMA,25.93
ISONE,2019,8,4007_WCMA,WCMA,25.72
ISONE,2019,8,4008_NEMA,NEMA,26.09
ISONE,2019,9,4000_ISONE,ISO NE CA,21.14
ISONE,2019,9,4001_Maine,ME,20.97
ISONE,2019,9,4002_NH,NH,21.29
ISONE,2019,9,4003_Vermont,VT,20.94
ISONE,2019,9,4004_Connecticut,CT,20.75
ISONE,2019,9,4005_Rhode_Island,RI,21.07
ISONE,2019,9,4006_SEMA,SEMA,21.35
ISONE,2019,9,4007_WCMA,WCMA,21.15
ISONE,2019,9,4008_NEMA,NEMA,21.35
ISONE,2019,10,4000_ISONE,ISO NE CA,20.75
ISONE,2019,10,4001_Maine,ME,21.08
ISONE,2019,10,4002_NH,NH,20.73
ISONE,2019,10,4003_Vermont,VT,20.25
ISONE,2019,10,4004_Connecticut,CT,20.43
ISONE,2019,10,4005_Rhode_Island,RI,20.65
ISONE,2019,10,4006_SEMA,SEMA,20.87
ISONE,2019,10,4007_WCMA,WCMA,20.76
ISONE,2019,10,4008_NEMA,NEMA,20.93
ISONE,2019,11,4000_ISONE,ISO NE CA,32.31
ISONE,2019,11,4001_Maine,ME,31.64
ISONE,2019,11,4002_NH,NH,32.37
ISONE,2019,11,4003_Vermont,VT,31.71
ISONE,2019,11,4004_Connecticut,CT,31.5
ISONE,2019,11,4005_Rhode_Island,RI,32.18
ISONE,2019,11,4006_SEMA,SEMA,32.59
ISONE,2019,11,4007_WCMA,WCMA,32.33
ISONE,2019,11,4008_NEMA,NEMA,32.54
ISONE,2019,12,4000_ISONE,ISO NE CA,40.98
ISONE,2019,12,4001_Maine,ME,40.12
ISONE,2019,12,4002_NH,NH,40.8
ISONE,2019,12,4003_Vermont,VT,39.97
ISONE,2019,12,4004_Connecticut,CT,39.99
ISONE,2019,12,4005_Rhode_Island,RI,41.21
ISONE,2019,12,4006_SEMA,SEMA,41.8
ISONE,2019,12,4007_WCMA,WCMA,40.98
ISONE,2019,12,4008_NEMA,NEMA,41.22
ISONE,2020,1,4000_ISONE,ISO NE CA,26.45
ISONE,2020,1,4001_Maine,ME,26.34
ISONE,2020,1,4002_NH,NH,26.56
ISONE,2020,1,4003_Vermont,VT,25.84
ISONE,2020,1,4004_Connecticut,CT,25.68
ISONE,2020,1,4005_Rhode_Island,RI,26.55
ISONE,2020,1,4006_SEMA,SEMA,26.81
ISONE,2020,1,4007_WCMA,WCMA,26.42
ISONE,2020,1,4008_NEMA,NEMA,26.65
ISONE,2020,2,4000_ISONE,ISO NE CA,23.06
ISONE,2020,2,4001_Maine,ME,23.14
ISONE,2020,2,4002_NH,NH,23.27
ISONE,2020,2,4003_Vermont,VT,22.64
ISONE,2020,2,4004_Connecticut,CT,22.34
ISONE,2020,2,4005_Rhode_Island,RI,23.01
ISONE,2020,2,4006_SEMA,SEMA,23.26
ISONE,2020,2,4007_WCMA,WCMA,23.04
ISONE,2020,2,4008_NEMA,NEMA,23.31
ISONE,2020,3,4000_ISONE,ISO NE CA,17.18
ISONE,2020,3,4001_Maine,ME,17.07
ISONE,2020,3,4002_NH,NH,17.17
ISONE,2020,3,4003_Vermont,VT,16.65
ISONE,2020,3,4004_Connecticut,CT,16.73
ISONE,2020,3,4005_Rhode_Island,RI,17.12
ISONE,2020,3,4006_SEMA,SEMA,17.4
ISONE,2020,3,4007_WCMA,WCMA,17.16
ISONE,2020,3,4008_NEMA,NEMA,17.38
ISONE,2020,4,4000_ISONE,ISO NE CA,18.36
ISONE,2020,4,4001_Maine,ME,18.01
ISONE,2020,4,4002_NH,NH,18.42
ISONE,2020,4,4003_Vermont,VT,17.61
ISONE,2020,4,4004_Connecticut,CT,17.7
ISONE,2020,4,4005_Rhode_Island,RI,18.33
ISONE,2020,4,4006_SEMA,SEMA,18.64
ISONE,2020,4,4007_WCMA,WCMA,18.32
ISONE,2020,4,4008_NEMA,NEMA,18.65
ISONE,2020,5,4000_ISONE,ISO NE CA,16.48
ISONE,2020,5,4001_Maine,ME,15.65
ISONE,2020,5,4002_NH,NH,16.28
ISONE,2020,5,4003_Vermont,VT,15.93
ISONE,2020,5,4004_Connecticut,CT,16.2
ISONE,2020,5,4005_Rhode_Island,RI,16.44
ISONE,2020,5,4006_SEMA,SEMA,16.66
ISONE,2020,5,4007_WCMA,WCMA,16.46
ISONE,2020,5,4008_NEMA,NEMA,16.54
ISONE,2020,6,4000_ISONE,ISO NE CA,19.84
ISONE,2020,6,4001_Maine,ME,19.75
ISONE,2020,6,4002_NH,NH,20.02
ISONE,2020,6,4003_Vermont,VT,19.63
ISONE,2020,6,4004_Connecticut,CT,19.33
ISONE,2020,6,4005_Rhode_Island,RI,19.65
ISONE,2020,6,4006_SEMA,SEMA,19.98
ISONE,2020,6,4007_WCMA,WCMA,19.85
ISONE,2020,6,4008_NEMA,NEMA,20.07
ISONE,2020,7,4000_ISONE,ISO NE CA,23.78
ISONE,2020,7,4001_Maine,ME,23.72
ISONE,2020,7,4002_NH,NH,24.0
ISONE,2020,7,4003_Vermont,VT,23.65
ISONE,2020,7,4004_Connecticut,CT,23.3
ISONE,2020,7,4005_Rhode_Island,RI,23.62
ISONE,2020,7,4006_SEMA,SEMA,23.88
ISONE,2020,7,4007_WCMA,WCMA,23.82
ISONE,2020,7,4008_NEMA,NEMA,23.93
ISONE,2020,8,4000_ISONE,ISO NE CA,23.79
ISONE,2020,8,4001_Maine,ME,24.12
ISONE,2020,8,4002_NH,NH,24.18
ISONE,2020,8,4003_Vermont,VT,23.6
ISONE,2020,8,4004_Connecticut,CT,23.12
ISONE,2020,8,4005_Rhode_Island,RI,23.61
ISONE,2020,8,4006_SEMA,SEMA,23.91
ISONE,2020,8,4007_WCMA,WCMA,23.83
ISONE,2020,8,4008_NEMA,NEMA,24.25
ISONE,2020,9,4000_ISONE,ISO NE CA,20.46
ISONE,2020,9,4001_Maine,ME,21.14
ISONE,2020,9,4002_NH,NH,21.0
ISONE,2020,9,4003_Vermont,VT,19.8
ISONE,2020,9,4004_Connecticut,CT,19.41
ISONE,2020,9,4005_Rhode_Island,RI,20.51
ISONE,2020,9,4006_SEMA,SEMA,20.84
ISONE,2020,9,4007_WCMA,WCMA,20.43
ISONE,2020,9,4008_NEMA,NEMA,21.07
ISONE,2020,10,4000_ISONE,ISO NE CA,24.78
ISONE,2020,10,4001_Maine,ME,24.78
ISONE,2020,10,4002_NH,NH,24.95
ISONE,2020,10,4003_Vermont,VT,24.16
ISONE,2020,10,4004_Connecticut,CT,24.33
ISONE,2020,10,4005_Rhode_Island,RI,24.6
ISONE,2020,10,4006_SEMA,SEMA,24.91
ISONE,2020,10,4007_WCMA,WCMA,24.79
ISONE,2020,10,4008_NEMA,NEMA,25.04
ISONE,2020,11,4000_ISONE,ISO NE CA,25.1
ISONE,2020,11,4001_Maine,ME,25.35
ISONE,2020,11,4002_NH,NH,25.35
ISONE,2020,11,4003_Vermont,VT,24.3
ISONE,2020,11,4004_Connecticut,CT,24.19
ISONE,2020,11,4005_Rhode_Island,RI,24.99
ISONE,2020,11,4006_SEMA,SEMA,25.46
ISONE,2020,11,4007_WCMA,WCMA,25.09
ISONE,2020,11,4008_NEMA,NEMA,25.49
ISONE,2020,12,4000_ISONE,ISO NE CA,40.15
ISONE,2020,12,4001_Maine,ME,39.9
ISONE,2020,12,4002_NH,NH,40.46
ISONE,2020,12,4003_Vermont,VT,38.92
ISONE,2020,12,4004_Connecticut,CT,38.38
ISONE,2020,12,4005_Rhode_Island,RI,40.45
ISONE,2020,12,4006_SEMA,SEMA,40.8
ISONE,2020,12,4007_WCMA,WCMA,40.05
ISONE,2020,12,4008_NEMA,NEMA,40.74
ISONE,2021,1,4000_ISONE,ISO NE CA,42.73
ISONE,2021,1,4001_Maine,ME,42.58
ISONE,2021,1,4002_NH,NH,42.8
ISONE,2021,1,4003_Vermont,VT,41.99
ISONE,2021,1,4004_Connecticut,CT,41.48
ISONE,2021,1,4005_Rhode_Island,RI,42.75
ISONE,2021,1,4006_SEMA,SEMA,42.95
ISONE,2021,1,4007_WCMA,WCMA,42.75
ISONE,2021,1,4008_NEMA,NEMA,42.83
ISONE,2021,2,4000_ISONE,ISO NE CA,73.12
ISONE,2021,2,4001_Maine,ME,72.83
ISONE,2021,2,4002_NH,NH,73.29
ISONE,2021,2,4003_Vermont,VT,72.03
ISONE,2021,2,4004_Connecticut,CT,71.09
ISONE,2021,2,4005_Rhode_Island,RI,73.35
ISONE,2021,2,4006_SEMA,SEMA,73.57
ISONE,2021,2,4007_WCMA,WCMA,73.09
ISONE,2021,2,4008_NEMA,NEMA,73.49
ISONE,2021,3,4000_ISONE,ISO NE CA,34.87
ISONE,2021,3,4001_Maine,ME,34.28
ISONE,2021,3,4002_NH,NH,34.94
ISONE,2021,3,4003_Vermont,VT,33.96
ISONE,2021,3,4004_Connecticut,CT,33.76
ISONE,2021,3,4005_Rhode_Island,RI,35.22
ISONE,2021,3,4006_SEMA,SEMA,35.35
ISONE,2021,3,4007_WCMA,WCMA,34.89
ISONE,2021,3,4008_NEMA,NEMA,35.14
ISONE,2021,4,4000_ISONE,ISO NE CA,26.14
ISONE,2021,4,4001_Maine,ME,25.26
ISONE,2021,4,4002_NH,NH,26.0
ISONE,2021,4,4003_Vermont,VT,25.35
ISONE,2021,4,4004_Connecticut,CT,25.8
ISONE,2021,4,4005_Rhode_Island,RI,26.14
ISONE,2021,4,4006_SEMA,SEMA,26.34
ISONE,2021,4,4007_WCMA,WCMA,26.15
ISONE,2021,4,4008_NEMA,NEMA,26.28
ISONE,2021,5,4000_ISONE,ISO NE CA,24.98
ISONE,2021,5,4001_Maine,ME,24.54
ISONE,2021,5,4002_NH,NH,24.93
ISONE,2021,5,4003_Vermont,VT,24.36
ISONE,2021,5,4004_Connecticut,CT,24.61
ISONE,2021,5,4005_Rhode_Island,RI,24.92
ISONE,2021,5,4006_SEMA,SEMA,25.12
ISONE,2021,5,4007_WCMA,WCMA,24.99
ISONE,2021,5,4008_NEMA,NEMA,25.12
ISONE,2021,6,4000_ISONE,ISO NE CA,37.1
ISONE,2021,6,4001_Maine,ME,36.66
ISONE,2021,6,4002_NH,NH,37.31
ISONE,2021,6,4003_Vermont,VT,36.86
ISONE,2021,6,4004_Connecticut,CT,36.45
ISONE,2021,6,4005_Rhode_Island,RI,36.82
ISONE,2021,6,4006_SEMA,SEMA,37.12
ISONE,2021,6,4007_WCMA,WCMA,37.14
ISONE,2021,6,4008_NEMA,NEMA,37.41
ISONE,2021,7,4000_ISONE,ISO NE CA,37.16
ISONE,2021,7,4001_Maine,ME,36.79
ISONE,2021,7,4002_NH,NH,37.4
ISONE,2021,7,4003_Vermont,VT,36.96
ISONE,2021,7,4004_Connecticut,CT,36.68
ISONE,2021,7,4005_Rhode_Island,RI,36.92
ISONE,2021,7,4006_SEMA,SEMA,37.35
ISONE,2021,7,4007_WCMA,WCMA,37.21
ISONE,2021,7,4008_NEMA,NEMA,37.52
ISONE,2021,8,4000_ISONE,ISO NE CA,49.47
ISONE,2021,8,4001_Maine,ME,49.56
ISONE,2021,8,4002_NH,NH,50.11
ISONE,2021,8,4003_Vermont,VT,49.32
ISONE,2021,8,4004_Connecticut,CT,48.44
ISONE,2021,8,4005_Rhode_Island,RI,49.19
ISONE,2021,8,4006_SEMA,SEMA,49.81
ISONE,2021,8,4007_WCMA,WCMA,49.52
ISONE,2021,8,4008_NEMA,NEMA,50.06
ISONE,2021,9,4000_ISONE,ISO NE CA,48.01
ISONE,2021,9,4001_Maine,ME,46.48
ISONE,2021,9,4002_NH,NH,48.07
ISONE,2021,9,4003_Vermont,VT,47.17
ISONE,2021,9,4004_Connecticut,CT,46.79
ISONE,2021,9,4005_Rhode_Island,RI,47.61
ISONE,2021,9,4006_SEMA,SEMA,48.65
ISONE,2021,9,4007_WCMA,WCMA,48.01
ISONE,2021,9,4008_NEMA,NEMA,48.99
ISONE,2021,10,4000_ISONE,ISO NE CA,57.71
ISONE,2021,10,4001_Maine,ME,56.12
ISONE,2021,10,4002_NH,NH,58.26
ISONE,2021,10,4003_Vermont,VT,57.32
ISONE,2021,10,4004_Connecticut,CT,56.72
ISONE,2021,10,4005_Rhode_Island,RI,56.69
ISONE,2021,10,4006_SEMA,SEMA,57.84
ISONE,2021,10,4007_WCMA,WCMA,57.77
ISONE,2021,10,4008_NEMA,NEMA,58.55
ISONE,2021,11,4000_ISONE,ISO NE CA,56.7
ISONE,2021,11,4001_Maine,ME,56.47
ISONE,2021,11,4002_NH,NH,57.52
ISONE,2021,11,4003_Vermont,VT,55.4
ISONE,2021,11,4004_Connecticut,CT,54.52
ISONE,2021,11,4005_Rhode_Island,RI,56.55
ISONE,2021,11,4006_SEMA,SEMA,57.34
ISONE,2021,11,4007_WCMA,WCMA,56.7
ISONE,2021,11,4008_NEMA,NEMA,57.76
ISONE,2021,12,4000_ISONE,ISO NE CA,65.14
ISONE,2021,12,4001_Maine,ME,66.78
ISONE,2021,12,4002_NH,NH,66.68
ISONE,2021,12,4003_Vermont,VT,62.03
ISONE,2021,12,4004_Connecticut,CT,60.93
ISONE,2021,12,4005_Rhode_Island,RI,66.54
ISONE,2021,12,4006_SEMA,SEMA,67.26
ISONE,2021,12,4007_WCMA,WCMA,64.82
ISONE,2021,12,4008_NEMA,NEMA,67.34
ISONE,2022,1,4000_ISONE,ISO NE CA,149.46
ISONE,2022,1,4001_Maine,ME,146.69
ISONE,2022,1,4002_NH,NH,148.97
ISONE,2022,1,4003_Vermont,VT,148.45
ISONE,2022,1,4004_Connecticut,CT,146.73
ISONE,2022,1,4005_Rhode_Island,RI,149.26
ISONE,2022,1,4006_SEMA,SEMA,149.68
ISONE,2022,1,4007_WCMA,WCMA,149.61
ISONE,2022,1,4008_NEMA,NEMA,149.64
ISONE,2022,2,4000_ISONE,ISO NE CA,117.08
ISONE,2022,2,4001_Maine,ME,118.03
ISONE,2022,2,4002_NH,NH,118.08
ISONE,2022,2,4003_Vermont,VT,114.26
ISONE,2022,2,4004_Connecticut,CT,112.5
ISONE,2022,2,4005_Rhode_Island,RI,117.58
ISONE,2022,2,4006_SEMA,SEMA,118.63
ISONE,2022,2,4007_WCMA,WCMA,116.85
ISONE,2022,2,4008_NEMA,NEMA,118.95
ISONE,2022,3,4000_ISONE,ISO NE CA,66.19
ISONE,2022,3,4001_Maine,ME,65.37
ISONE,2022,3,4002_NH,NH,66.15
ISONE,2022,3,4003_Vermont,VT,64.34
ISONE,2022,3,4004_Connecticut,CT,64.32
ISONE,2022,3,4005_Rhode_Island,RI,66.0
ISONE,2022,3,4006_SEMA,SEMA,66.63
ISONE,2022,3,4007_WCMA,WCMA,66.23
ISONE,2022,3,4008_NEMA,NEMA,66.67
ISONE,2022,4,4000_ISONE,ISO NE CA,62.37
ISONE,2022,4,4001_Maine,ME,59.39
ISONE,2022,4,4002_NH,NH,61.47
ISONE,2022,4,4003_Vermont,VT,60.35
ISONE,2022,4,4004_Connecticut,CT,62.47
ISONE,2022,4,4005_Rhode_Island,RI,62.49
ISONE,2022,4,4006_SEMA,SEMA,62.91
ISONE,2022,4,4007_WCMA,WCMA,62.5
ISONE,2022,4,4008_NEMA,NEMA,62.65
ISONE,2022,5,4000_ISONE,ISO NE CA,76.71
ISONE,2022,5,4001_Maine,ME,74.57
ISONE,2022,5,4002_NH,NH,76.3
ISONE,2022,5,4003_Vermont,VT,75.91
ISONE,2022,5,4004_Connecticut,CT,76.91
ISONE,2022,5,4005_Rhode_Island,RI,76.5
ISONE,2022,5,4006_SEMA,SEMA,76.61
ISONE,2022,5,4007_WCMA,WCMA,76.93
ISONE,2022,5,4008_NEMA,NEMA,76.89
ISONE,2022,6,4000_ISONE,ISO NE CA,68.43
ISONE,2022,6,4001_Maine,ME,68.32
ISONE,2022,6,4002_NH,NH,69.08
ISONE,2022,6,4003_Vermont,VT,67.8
ISONE,2022,6,4004_Connecticut,CT,67.48
ISONE,2022,6,4005_Rhode_Island,RI,68.11
ISONE,2022,6,4006_SEMA,SEMA,68.71
ISONE,2022,6,4007_WCMA,WCMA,68.58
ISONE,2022,6,4008_NEMA,NEMA,69.15
ISONE,2022,7,4000_ISONE,ISO NE CA,89.85
ISONE,2022,7,4001_Maine,ME,89.31
ISONE,2022,7,4002_NH,NH,90.87
ISONE,2022,7,4003_Vermont,VT,89.53
ISONE,2022,7,4004_Connecticut,CT,88.5
ISONE,2022,7,4005_Rhode_Island,RI,89.22
ISONE,2022,7,4006_SEMA,SEMA,90.23
ISONE,2022,7,4007_WCMA,WCMA,90.07
ISONE,2022,7,4008_NEMA,NEMA,90.61
ISONE,2022,8,4000_ISONE,ISO NE CA,99.55
ISONE,2022,8,4001_Maine,ME,97.47
ISONE,2022,8,4002_NH,NH,100.07
ISONE,2022,8,4003_Vermont,VT,99.12
ISONE,2022,8,4004_Connecticut,CT,97.95
ISONE,2022,8,4005_Rhode_Island,RI,99.14
ISONE,2022,8,4006_SEMA,SEMA,100.4
ISONE,2022,8,4007_WCMA,WCMA,99.7
ISONE,2022,8,4008_NEMA,NEMA,100.25
ISONE,2022,9,4000_ISONE,ISO NE CA,67.23
ISONE,2022,9,4001_Maine,ME,65.79
ISONE,2022,9,4002_NH,NH,67.53
ISONE,2022,9,4003_Vermont,VT,66.53
ISONE,2022,9,4004_Connecticut,CT,65.8
ISONE,2022,9,4005_Rhode_Island,RI,67.02
ISONE,2022,9,4006_SEMA,SEMA,67.67
ISONE,2022,9,4007_WCMA,WCMA,67.29
ISONE,2022,9,4008_NEMA,NEMA,67.78
ISONE,2022,10,4000_ISONE,ISO NE CA,52.97
ISONE,2022,10,4001_Maine,ME,52.66
ISONE,2022,10,4002_NH,NH,53.27
ISONE,2022,10,4003_Vermont,VT,52.64
ISONE,2022,10,4004_Connecticut,CT,52.04
ISONE,2022,10,4005_Rhode_Island,RI,52.61
ISONE,2022,10,4006_SEMA,SEMA,53.24
ISONE,2022,10,4007_WCMA,WCMA,53.03
ISONE,2022,10,4008_NEMA,NEMA,53.26
ISONE,2022,11,4000_ISONE,ISO NE CA,61.78
ISONE,2022,11,4001_Maine,ME,61.08
ISONE,2022,11,4002_NH,NH,62.23
ISONE,2022,11,4003_Vermont,VT,61.25
ISONE,2022,11,4004_Connecticut,CT,60.67
ISONE,2022,11,4005_Rhode_Island,RI,61.23
ISONE,2022,11,4006_SEMA,SEMA,61.98
ISONE,2022,11,4007_WCMA,WCMA,61.97
ISONE,2022,11,4008_NEMA,NEMA,62.13
ISONE,2022,12,4000_ISONE,ISO NE CA,115.5
ISONE,2022,12,4001_Maine,ME,111.8
ISONE,2022,12,4002_NH,NH,115.27
ISONE,2022,12,4003_Vermont,VT,113.63
ISONE,2022,12,4004_Connecticut,CT,113.51
ISONE,2022,12,4005_Rhode_Island,RI,115.54
ISONE,2022,12,4006_SEMA,SEMA,115.95
ISONE,2022,12,4007_WCMA,WCMA,115.59
ISONE,2022,12,4008_NEMA,NEMA,115.47
ISONE,2023,1,4000_ISONE,ISO NE CA,49.14
ISONE,2023,1,4001_Maine,ME,48.95
ISONE,2023,1,4002_NH,NH,49.57
ISONE,2023,1,4003_Vermont,VT,49.06
ISONE,2023,1,4004_Connecticut,CT,47.76
ISONE,2023,1,4005_Rhode_Island,RI,49.02
ISONE,2023,1,4006_SEMA,SEMA,49.68
ISONE,2023,1,4007_WCMA,WCMA,49.11
ISONE,2023,1,4008_NEMA,NEMA,49.56
ISONE,2023,2,4000_ISONE,ISO NE CA,69.35
ISONE,2023,2,4001_Maine,ME,69.09
ISONE,2023,2,4002_NH,NH,69.72
ISONE,2023,2,4003_Vermont,VT,68.24
ISONE,2023,2,4004_Connecticut,CT,67.14
ISONE,2023,2,4005_Rhode_Island,RI,69.61
ISONE,2023,2,4006_SEMA,SEMA,70.36
ISONE,2023,2,4007_WCMA,WCMA,69.23
ISONE,2023,2,4008_NEMA,NEMA,69.99
ISONE,2023,3,4000_ISONE,ISO NE CA,35.01
ISONE,2023,3,4001_Maine,ME,34.85
ISONE,2023,3,4002_NH,NH,35.46
ISONE,2023,3,4003_Vermont,VT,34.69
ISONE,2023,3,4004_Connecticut,CT,34.26
ISONE,2023,3,4005_Rhode_Island,RI,34.87
ISONE,2023,3,4006_SEMA,SEMA,35.37
ISONE,2023,3,4007_WCMA,WCMA,35.06
ISONE,2023,3,4008_NEMA,NEMA,35.42
ISONE,2023,4,4000_ISONE,ISO NE CA,28.79
ISONE,2023,4,4001_Maine,ME,28.42
ISONE,2023,4,4002_NH,NH,28.81
ISONE,2023,4,4003_Vermont,VT,28.18
ISONE,2023,4,4004_Connecticut,CT,28.52
ISONE,2023,4,4005_Rhode_Island,RI,28.53
ISONE,2023,4,4006_SEMA,SEMA,28.85
ISONE,2023,4,4007_WCMA,WCMA,28.83
ISONE,2023,4,4008_NEMA,NEMA,28.96
ISONE,2023,5,4000_ISONE,ISO NE CA,25.03
ISONE,2023,5,4001_Maine,ME,24.5
ISONE,2023,5,4002_NH,NH,25.06
ISONE,2023,5,4003_Vermont,VT,24.98
ISONE,2023,5,4004_Connecticut,CT,24.92
ISONE,2023,5,4005_Rhode_Island,RI,24.77
ISONE,2023,5,4006_SEMA,SEMA,25.06
ISONE,2023,5,4007_WCMA,WCMA,25.08
ISONE,2023,5,4008_NEMA,NEMA,25.1
ISONE,2023,6,4000_ISONE,ISO NE CA,33.52
ISONE,2023,6,4001_Maine,ME,32.64
ISONE,2023,6,4002_NH,NH,33.53
ISONE,2023,6,4003_Vermont,VT,33.31
ISONE,2023,6,4004_Connecticut,CT,33.01
ISONE,2023,6,4005_Rhode_Island,RI,33.21
ISONE,2023,6,4006_SEMA,SEMA,33.7
ISONE,2023,6,4007_WCMA,WCMA,33.56
ISONE,2023,6,4008_NEMA,NEMA,33.71
ISONE,2023,7,4000_ISONE,ISO NE CA,42.34
ISONE,2023,7,4001_Maine,ME,41.47
ISONE,2023,7,4002_NH,NH,42.44
ISONE,2023,7,4003_Vermont,VT,41.96
ISONE,2023,7,4004_Connecticut,CT,41.52
ISONE,2023,7,4005_Rhode_Island,RI,42.04
ISONE,2023,7,4006_SEMA,SEMA,42.64
ISONE,2023,7,4007_WCMA,WCMA,42.36
ISONE,2023,7,4008_NEMA,NEMA,42.74
ISONE,2023,8,4000_ISONE,ISO NE CA,26.94
ISONE,2023,8,4001_Maine,ME,26.51
ISONE,2023,8,4002_NH,NH,27.03
ISONE,2023,8,4003_Vermont,VT,26.9
ISONE,2023,8,4004_Connecticut,CT,26.5
ISONE,2023,8,4005_Rhode_Island,RI,26.75
ISONE,2023,8,4006_SEMA,SEMA,27.18
ISONE,2023,8,4007_WCMA,WCMA,26.98
ISONE,2023,8,4008_NEMA,NEMA,27.22
ISONE,2023,9,4000_ISONE,ISO NE CA,30.28
ISONE,2023,9,4001_Maine,ME,29.86
ISONE,2023,9,4002_NH,NH,30.54
ISONE,2023,9,4003_Vermont,VT,30.33
ISONE,2023,9,4004_Connecticut,CT,29.68
ISONE,2023,9,4005_Rhode_Island,RI,29.9
ISONE,2023,9,4006_SEMA,SEMA,30.4
ISONE,2023,9,4007_WCMA,WCMA,30.32
ISONE,2023,9,4008_NEMA,NEMA,30.61
ISONE,2023,10,4000_ISONE,ISO NE CA,26.33
ISONE,2023,10,4001_Maine,ME,26.2
ISONE,2023,10,4002_NH,NH,26.47
ISONE,2023,10,4003_Vermont,VT,26.64
ISONE,2023,10,4004_Connecticut,CT,25.88
ISONE,2023,10,4005_Rhode_Island,RI,26.0
ISONE,2023,10,4006_SEMA,SEMA,26.4
ISONE,2023,10,4007_WCMA,WCMA,26.4
ISONE,2023,10,4008_NEMA,NEMA,26.48
ISONE,2023,11,4000_ISONE,ISO NE CA,39.67
ISONE,2023,11,4001_Maine,ME,39.04
ISONE,2023,11,4002_NH,NH,39.81
ISONE,2023,11,4003_Vermont,VT,39.34
ISONE,2023,11,4004_Connecticut,CT,38.74
ISONE,2023,11,4005_Rhode_Island,RI,39.74
ISONE,2023,11,4006_SEMA,SEMA,40.08
ISONE,2023,11,4007_WCMA,WCMA,39.71
ISONE,2023,11,4008_NEMA,NEMA,40.01
ISONE,2023,12,4000_ISONE,ISO NE CA,38.14
ISONE,2023,12,4001_Maine,ME,37.59
ISONE,2023,12,4002_NH,NH,38.23
ISONE,2023,12,4003_Vermont,VT,37.73
ISONE,2023,12,4004_Connecticut,CT,37.07
ISONE,2023,12,4005_Rhode_Island,RI,38.27
ISONE,2023,12,4006_SEMA,SEMA,38.44
ISONE,2023,12,4007_WCMA,WCMA,38.17
ISONE,2023,12,4008_NEMA,NEMA,38.37
ISONE,2024,1,4000_ISONE,ISO NE CA,70.47
ISONE,2024,1,4001_Maine,ME,68.31
ISONE,2024,1,4002_NH,NH,70.01
ISONE,2024,1,4003_Vermont,VT,69.58
ISONE,2024,1,4004_Connecticut,CT,69.39
ISONE,2024,1,4005_Rhode_Island,RI,71.16
ISONE,2024,1,4006_SEMA,SEMA,71.14
ISONE,2024,1,4007_WCMA,WCMA,70.45
ISONE,2024,1,4008_NEMA,NEMA,70.34
ISONE,2024,2,4000_ISONE,ISO NE CA,36.58
ISONE,2024,2,4001_Maine,ME,36.4
ISONE,2024,2,4002_NH,NH,36.91
ISONE,2024,2,4003_Vermont,VT,36.44
ISONE,2024,2,4004_Connecticut,CT,35.45
ISONE,2024,2,4005_Rhode_Island,RI,36.68
ISONE,2024,2,4006_SEMA,SEMA,36.97
ISONE,2024,2,4007_WCMA,WCMA,36.56
ISONE,2024,2,4008_NEMA,NEMA,36.97
ISONE,2024,3,4000_ISONE,ISO NE CA,24.21
ISONE,2024,3,4001_Maine,ME,23.71
ISONE,2024,3,4002_NH,NH,24.16
ISONE,2024,3,4003_Vermont,VT,24.04
ISONE,2024,3,4004_Connecticut,CT,23.7
ISONE,2024,3,4005_Rhode_Island,RI,24.12
ISONE,2024,3,4006_SEMA,SEMA,24.35
ISONE,2024,3,4007_WCMA,WCMA,24.23
ISONE,2024,3,4008_NEMA,NEMA,24.29
ISONE,2024,4,4000_ISONE,ISO NE CA,25.52
ISONE,2024,4,4001_Maine,ME,24.71
ISONE,2024,4,4002_NH,NH,25.45
ISONE,2024,4,4003_Vermont,VT,25.38
ISONE,2024,4,4004_Connecticut,CT,24.99
ISONE,2024,4,4005_Rhode_Island,RI,25.52
ISONE,2024,4,4006_SEMA,SEMA,25.74
ISONE,2024,4,4007_WCMA,WCMA,25.53
ISONE,2024,4,4008_NEMA,NEMA,25.68
ISONE,2024,5,4000_ISONE,ISO NE CA,27.23
ISONE,2024,5,4001_Maine,ME,26.56
ISONE,2024,5,4002_NH,NH,27.3
ISONE,2024,5,4003_Vermont,VT,27.22
ISONE,2024,5,4004_Connecticut,CT,26.66
ISONE,2024,5,4005_Rhode_Island,RI,27.0
ISONE,2024,5,4006_SEMA,SEMA,27.36
ISONE,2024,5,4007_WCMA,WCMA,27.23
ISONE,2024,5,4008_NEMA,NEMA,27.47
ISONE,2024,6,4000_ISONE,ISO NE CA,35.14
ISONE,2024,6,4001_Maine,ME,34.37
ISONE,2024,6,4002_NH,NH,35.43
ISONE,2024,6,4003_Vermont,VT,35.03
ISONE,2024,6,4004_Connecticut,CT,34.44
ISONE,2024,6,4005_Rhode_Island,RI,34.94
ISONE,2024,6,4006_SEMA,SEMA,35.37
ISONE,2024,6,4007_WCMA,WCMA,35.23
ISONE,2024,6,4008_NEMA,NEMA,35.67
ISONE,2024,7,4000_ISONE,ISO NE CA,46.16
ISONE,2024,7,4001_Maine,ME,45.32
ISONE,2024,7,4002_NH,NH,46.76
ISONE,2024,7,4003_Vermont,VT,45.85
ISONE,2024,7,4004_Connecticut,CT,45.13
ISONE,2024,7,4005_Rhode_Island,RI,45.72
ISONE,2024,7,4006_SEMA,SEMA,46.48
ISONE,2024,7,4007_WCMA,WCMA,46.27
ISONE,2024,7,4008_NEMA,NEMA,46.91
ISONE,2024,8,4000_ISONE,ISO NE CA,35.66
ISONE,2024,8,4001_Maine,ME,35.29
ISONE,2024,8,4002_NH,NH,35.86
ISONE,2024,8,4003_Vermont,VT,35.68
ISONE,2024,8,4004_Connecticut,CT,34.85
ISONE,2024,8,4005_Rhode_Island,RI,35.75
ISONE,2024,8,4006_SEMA,SEMA,36.12
ISONE,2024,8,4007_WCMA,WCMA,35.71
ISONE,2024,8,4008_NEMA,NEMA,36.14
ISONE,2024,9,4000_ISONE,ISO NE CA,32.24
ISONE,2024,9,4001_Maine,ME,31.65
ISONE,2024,9,4002_NH,NH,32.32
ISONE,2024,9,4003_Vermont,VT,32.44
ISONE,2024,9,4004_Connecticut,CT,31.53
ISONE,2024,9,4005_Rhode_Island,RI,32.18
ISONE,2024,9,4006_SEMA,SEMA,32.5
ISONE,2024,9,4007_WCMA,WCMA,32.24
ISONE,2024,9,4008_NEMA,NEMA,32.5
ISONE,2024,10,4000_ISONE,ISO NE CA,35.97
ISONE,2024,10,4001_Maine,ME,36.25
ISONE,2024,10,4002_NH,NH,36.54
ISONE,2024,10,4003_Vermont,VT,36.41
ISONE,2024,10,4004_Connecticut,CT,34.96
ISONE,2024,10,4005_Rhode_Island,RI,35.29
ISONE,2024,10,4006_SEMA,SEMA,35.99
ISONE,2024,10,4007_WCMA,WCMA,35.99
ISONE,2024,10,4008_NEMA,NEMA,36.4
ISONE,2024,11,4000_ISONE,ISO NE CA,39.51
ISONE,2024,11,4001_Maine,ME,40.87
ISONE,2024,11,4002_NH,NH,40.76
ISONE,2024,11,4003_Vermont,VT,39.22
ISONE,2024,11,4004_Connecticut,CT,36.88
ISONE,2024,11,4005_Rhode_Island,RI,39.4
ISONE,2024,11,4006_SEMA,SEMA,39.86
ISONE,2024,11,4007_WCMA,WCMA,39.47
ISONE,2024,11,4008_NEMA,NEMA,40.77
ISONE,2024,12,4000_ISONE,ISO NE CA,87.56
ISONE,2024,12,4001_Maine,ME,89.33
ISONE,2024,12,4002_NH,NH,89.11
ISONE,2024,12,4003_Vermont,VT,86.07
ISONE,2024,12,4004_Connecticut,CT,84.1
ISONE,2024,12,4005_Rhode_Island,RI,87.6
ISONE,2024,12,4006_SEMA,SEMA,88.58
ISONE,2024,12,4007_WCMA,WCMA,87.58
ISONE,2024,12,4008_NEMA,NEMA,89.75
ISONE,2025,1,4000_ISONE,ISO NE CA,133.56
ISONE,2025,1,4001_Maine,ME,130.89
ISONE,2025,1,4002_NH,NH,134.31
ISONE,2025,1,4003_Vermont,VT,132.51
ISONE,2025,1,4004_Connecticut,CT,130.3
ISONE,2025,1,4005_Rhode_Island,RI,133.86
ISONE,2025,1,4006_SEMA,SEMA,135.04
ISONE,2025,1,4007_WCMA,WCMA,133.52
ISONE,2025,1,4008_NEMA,NEMA,134.92
ISONE,2025,2,4000_ISONE,ISO NE CA,130.39
ISONE,2025,2,4001_Maine,ME,128.41
ISONE,2025,2,4002_NH,NH,131.8
ISONE,2025,2,4003_Vermont,VT,129.23
ISONE,2025,2,4004_Connecticut,CT,126.4
ISONE,2025,2,4005_Rhode_Island,RI,130.69
ISONE,2025,2,4006_SEMA,SEMA,131.8
ISONE,2025,2,4007_WCMA,WCMA,130.38
ISONE,2025,2,4008_NEMA,NEMA,131.97
ISONE,2025,3,4000_ISONE,ISO NE CA,46.98
ISONE,2025,3,4001_Maine,ME,46.46
ISONE,2025,3,4002_NH,NH,47.39
ISONE,2025,3,4003_Vermont,VT,46.82
ISONE,2025,3,4004_Connecticut,CT,45.51
ISONE,2025,3,4005_Rhode_Island,RI,46.71
ISONE,2025,3,4006_SEMA,SEMA,47.3
ISONE,2025,3,4007_WCMA,WCMA,46.98
ISONE,2025,3,4008_NEMA,NEMA,47.63
ISONE,2025,4,4000_ISONE,ISO NE CA,41.41
ISONE,2025,4,4001_Maine,ME,36.28
ISONE,2025,4,4002_NH,NH,41.16
ISONE,2025,4,4003_Vermont,VT,40.76
ISONE,2025,4,4004_Connecticut,CT,40.45
ISONE,2025,4,4005_Rhode_Island,RI,41.16
ISONE,2025,4,4006_SEMA,SEMA,41.7
ISONE,2025,4,4007_WCMA,WCMA,41.29
ISONE,2025,4,4008_NEMA,NEMA,41.77
ISONE,2025,5,4000_ISONE,ISO NE CA,35.21
ISONE,2025,5,4001_Maine,ME,31.12
ISONE,2025,5,4002_NH,NH,34.94
ISONE,2025,5,4003_Vermont,VT,34.71
ISONE,2025,5,4004_Connecticut,CT,34.9
ISONE,2025,5,4005_Rhode_Island,RI,34.96
ISONE,2025,5,4006_SEMA,SEMA,35.39
ISONE,2025,5,4007_WCMA,WCMA,35.21
ISONE,2025,5,4008_NEMA,NEMA,35.46
ISONE,2025,6,4000_ISONE,ISO NE CA,43.75
ISONE,2025,6,4001_Maine,ME,42.04
ISONE,2025,6,4002_NH,NH,43.82
ISONE,2025,6,4003_Vermont,VT,43.75
ISONE,2025,6,4004_Connecticut,CT,42.95
ISONE,2025,6,4005_Rhode_Island,RI,43.52
ISONE,2025,6,4006_SEMA,SEMA,44.13
ISONE,2025,6,4007_WCMA,WCMA,43.84
ISONE,2025,6,4008_NEMA,NEMA,44.24
ISONE,2025,7,4000_ISONE,ISO NE CA,70.27
ISONE,2025,7,4001_Maine,ME,68.1
ISONE,2025,7,4002_NH,NH,70.6
ISONE,2025,7,4003_Vermont,VT,70.9
ISONE,2025,7,4004_Connecticut,CT,69.16
ISONE,2025,7,4005_Rhode_Island,RI,69.67
ISONE,2025,7,4006_SEMA,SEMA,70.71
ISONE,2025,7,4007_WCMA,WCMA,70.5
ISONE,2025,7,4008_NEMA,NEMA,71.11
ISONE,2025,8,4000_ISONE,ISO NE CA,45.58
ISONE,2025,8,4001_Maine,ME,45.02
ISONE,2025,8,4002_NH,NH,46.15
ISONE,2025,8,4003_Vermont,VT,46.37
ISONE,2025,8,4004_Connecticut,CT,44.75
ISONE,2025,8,4005_Rhode_Island,RI,45.13
ISONE,2025,8,4006_SEMA,SEMA,45.93
ISONE,2025,8,4007_WCMA,WCMA,45.73
ISONE,2025,8,4008_NEMA,NEMA,46.26
ISONE,2025,9,4000_ISONE,ISO NE CA,34.21
ISONE,2025,9,4001_Maine,ME,33.98
ISONE,2025,9,4002_NH,NH,34.66
ISONE,2025,9,4003_Vermont,VT,34.81
ISONE,2025,9,4004_Connecticut,CT,33.61
ISONE,2025,9,4005_Rhode_Island,RI,33.85
ISONE,2025,9,4006_SEMA,SEMA,34.38
ISONE,2025,9,4007_WCMA,WCMA,34.3
ISONE,2025,9,4008_NEMA,NEMA,34.67
ISONE,2025,10,4000_ISONE,ISO NE CA,40.28
ISONE,2025,10,4001_Maine,ME,39.58
ISONE,2025,10,4002_NH,NH,40.62
ISONE,2025,10,4003_Vermont,VT,41.96
ISONE,2025,10,4004_Connecticut,CT,39.83
ISONE,2025,10,4005_Rhode_Island,RI,39.67
ISONE,2025,10,4006_SEMA,SEMA,40.34
ISONE,2025,10,4007_WCMA,WCMA,40.36
ISONE,2025,10,4008_NEMA,NEMA,40.59
ISONE,2025,11,4000_ISONE,ISO NE CA,59.57
ISONE,2025,11,4001_Maine,ME,59.53
ISONE,2025,11,4002_NH,NH,60.64
ISONE,2025,11,4003_Vermont,VT,61.03
ISONE,2025,11,4004_Connecticut,CT,57.72
ISONE,2025,11,4005_Rhode_Island,RI,58.61
ISONE,2025,11,4006_SEMA,SEMA,59.62
ISONE,2025,11,4007_WCMA,WCMA,59.65
ISONE,2025,11,4008_NEMA,NEMA,60.41
PJM,2016,1,AECO,AECO,26.67
PJM,2016,1,AEP,AEP,26.69
PJM,2016,1,APS,APS,28.67
PJM,2016,1,ATSI,ATSI,26.97
PJM,2016,1,BGE,BGE,32.82
PJM,2016,1,COMED,COMED,24.25
PJM,2016,1,DOM,DOM,34.41
PJM,2016,1,DPL,DPL,26.8
PJM,2016,1,EXTERNAL,EXTERNAL,26.46
PJM,2016,1,JCPL,JCPL,27.32
PJM,2016,1,METED,METED,26.65
PJM,2016,1,PECO,PECO,26.89
PJM,2016,1,PENELEC,PENELEC,26.77
PJM,2016,1,PEPCO,PEPCO,35.18
PJM,2016,1,PPL,PPL,26.71
PJM,2016,1,PSEG,PSEG,27.0
PJM,2016,2,AECO,AECO,22.48
PJM,2016,2,AEP,AEP,24.77
PJM,2016,2,APS,APS,26.34
PJM,2016,2,ATSI,ATSI,24.65
PJM,2016,2,BGE,BGE,29.59
PJM,2016,2,COMED,COMED,22.8
PJM,2016,2,DOM,DOM,30.04
PJM,2016,2,DPL,DPL,22.51
PJM,2016,2,EXTERNAL,EXTERNAL,24.01
PJM,2016,2,JCPL,JCPL,23.24
PJM,2016,2,METED,METED,22.65
PJM,2016,2,PECO,PECO,22.74
PJM,2016,2,PENELEC,PENELEC,23.87
PJM,2016,2,PEPCO,PEPCO,32.55
PJM,2016,2,PPL,PPL,22.95
PJM,2016,2,PSEG,PSEG,22.91
PJM,2016,3,AECO,AECO,16.2
PJM,2016,3,AEP,AEP,24.14
PJM,2016,3,APS,APS,24.79
PJM,2016,3,ATSI,ATSI,23.62
PJM,2016,3,BGE,BGE,26.35
PJM,2016,3,COMED,COMED,22.66
PJM,2016,3,DOM,DOM,26.69
PJM,2016,3,DPL,DPL,17.16
PJM,2016,3,EXTERNAL,EXTERNAL,22.13
PJM,2016,3,JCPL,JCPL,17.87
PJM,2016,3,METED,METED,19.65
PJM,2016,3,PECO,PECO,17.77
PJM,2016,3,PENELEC,PENELEC,22.03
PJM,2016,3,PEPCO,PEPCO,28.72
PJM,2016,3,PPL,PPL,18.73
PJM,2016,3,PSEG,PSEG,17.34
PJM,2016,4,AECO,AECO,20.6
PJM,2016,4,AEP,AEP,27.81
PJM,2016,4,APS,APS,28.9
PJM,2016,4,ATSI,ATSI,26.85
PJM,2016,4,BGE,BGE,30.14
PJM,2016,4,COMED,COMED,24.94
PJM,2016,4,DOM,DOM,32.27
PJM,2016,4,DPL,DPL,20.93
PJM,2016,4,EXTERNAL,EXTERNAL,25.43
PJM,2016,4,JCPL,JCPL,22.06
PJM,2016,4,METED,METED,21.62
PJM,2016,4,PECO,PECO,21.48
PJM,2016,4,PENELEC,PENELEC,25.21
PJM,2016,4,PEPCO,PEPCO,34.15
PJM,2016,4,PPL,PPL,22.28
PJM,2016,4,PSEG,PSEG,21.47
PJM,2016,5,AECO,AECO,20.34
PJM,2016,5,AEP,AEP,22.86
PJM,2016,5,APS,APS,23.23
PJM,2016,5,ATSI,ATSI,22.3
PJM,2016,5,BGE,BGE,24.8
PJM,2016,5,COMED,COMED,22.11
PJM,2016,5,DOM,DOM,24.39
PJM,2016,5,DPL,DPL,20.14
PJM,2016,5,EXTERNAL,EXTERNAL,22.08
PJM,2016,5,JCPL,JCPL,20.96
PJM,2016,5,METED,METED,20.74
PJM,2016,5,PECO,PECO,20.49
PJM,2016,5,PENELEC,PENELEC,21.69
PJM,2016,5,PEPCO,PEPCO,26.49
PJM,2016,5,PPL,PPL,20.74
PJM,2016,5,PSEG,PSEG,20.69
PJM,2016,6,AECO,AECO,22.73
PJM,2016,6,AEP,AEP,24.99
PJM,2016,6,APS,APS,25.11
PJM,2016,6,ATSI,ATSI,24.43
PJM,2016,6,BGE,BGE,26.57
PJM,2016,6,COMED,COMED,24.78
PJM,2016,6,DOM,DOM,26.49
PJM,2016,6,DPL,DPL,22.63
PJM,2016,6,EXTERNAL,EXTERNAL,24.37
PJM,2016,6,JCPL,JCPL,23.32
PJM,2016,6,METED,METED,22.61
PJM,2016,6,PECO,PECO,22.7
PJM,2016,6,PENELEC,PENELEC,23.43
PJM,2016,6,PEPCO,PEPCO,28.14
PJM,2016,6,PPL,PPL,22.9
PJM,2016,6,PSEG,PSEG,23.04
PJM,2016,7,AECO,AECO,31.61
PJM,2016,7,AEP,AEP,29.84
PJM,2016,7,APS,APS,30.95
PJM,2016,7,ATSI,ATSI,30.13
PJM,2016,7,BGE,BGE,33.19
PJM,2016,7,COMED,COMED,29.19
PJM,2016,7,DOM,DOM,31.93
PJM,2016,7,DPL,DPL,31.09
PJM,2016,7,EXTERNAL,EXTERNAL,30.4
PJM,2016,7,JCPL,JCPL,31.19
PJM,2016,7,METED,METED,29.93
PJM,2016,7,PECO,PECO,30.03
PJM,2016,7,PENELEC,PENELEC,29.66
PJM,2016,7,PEPCO,PEPCO,34.16
PJM,2016,7,PPL,PPL,29.98
PJM,2016,7,PSEG,PSEG,31.21
PJM,2016,8,AECO,AECO,28.29
PJM,2016,8,AEP,AEP,29.56
PJM,2016,8,APS,APS,31.11
PJM,2016,8,ATSI,ATSI,30.5
PJM,2016,8,BGE,BGE,32.83
PJM,2016,8,COMED,COMED,29.16
PJM,2016,8,DOM,DOM,32.4
PJM,2016,8,DPL,DPL,28.11
PJM,2016,8,EXTERNAL,EXTERNAL,29.49
PJM,2016,8,JCPL,JCPL,28.84
PJM,2016,8,METED,METED,28.09
PJM,2016,8,PECO,PECO,28.12
PJM,2016,8,PENELEC,PENELEC,29.22
PJM,2016,8,PEPCO,PEPCO,34.52
PJM,2016,8,PPL,PPL,28.16
PJM,2016,8,PSEG,PSEG,28.53
PJM,2016,9,AECO,AECO,21.4
PJM,2016,9,AEP,AEP,28.44
PJM,2016,9,APS,APS,29.06
PJM,2016,9,ATSI,ATSI,27.05
PJM,2016,9,BGE,BGE,32.42
PJM,2016,9,COMED,COMED,28.31
PJM,2016,9,DOM,DOM,31.73
PJM,2016,9,DPL,DPL,21.1
PJM,2016,9,EXTERNAL,EXTERNAL,26.48
PJM,2016,9,JCPL,JCPL,22.06
PJM,2016,9,METED,METED,22.85
PJM,2016,9,PECO,PECO,21.29
PJM,2016,9,PENELEC,PENELEC,25.45
PJM,2016,9,PEPCO,PEPCO,34.91
PJM,2016,9,PPL,PPL,21.7
PJM,2016,9,PSEG,PSEG,21.83
PJM,2016,10,AECO,AECO,17.97
PJM,2016,10,AEP,AEP,28.6
PJM,2016,10,APS,APS,29.06
PJM,2016,10,ATSI,ATSI,26.75
PJM,2016,10,BGE,BGE,32.87
PJM,2016,10,COMED,COMED,28.47
PJM,2016,10,DOM,DOM,32.8
PJM,2016,10,DPL,DPL,17.67
PJM,2016,10,EXTERNAL,EXTERNAL,26.02
PJM,2016,10,JCPL,JCPL,19.0
PJM,2016,10,METED,METED,21.56
PJM,2016,10,PECO,PECO,18.22
PJM,2016,10,PENELEC,PENELEC,24.8
PJM,2016,10,PEPCO,PEPCO,35.61
PJM,2016,10,PPL,PPL,19.39
PJM,2016,10,PSEG,PSEG,18.74
PJM,2016,11,AECO,AECO,20.89
PJM,2016,11,AEP,AEP,25.8
PJM,2016,11,APS,APS,26.06
PJM,2016,11,ATSI,ATSI,24.76
PJM,2016,11,BGE,BGE,27.63
PJM,2016,11,COMED,COMED,24.37
PJM,2016,11,DOM,DOM,28.07
PJM,2016,11,DPL,DPL,20.95
PJM,2016,11,EXTERNAL,EXTERNAL,24.65
PJM,2016,11,JCPL,JCPL,21.41
PJM,2016,11,METED,METED,21.96
PJM,2016,11,PECO,PECO,20.98
PJM,2016,11,PENELEC,PENELEC,23.69
PJM,2016,11,PEPCO,PEPCO,29.7
PJM,2016,11,PPL,PPL,21.61
PJM,2016,11,PSEG,PSEG,21.29
PJM,2016,12,AECO,AECO,29.95
PJM,2016,12,AEP,AEP,30.63
PJM,2016,12,APS,APS,31.18
PJM,2016,12,ATSI,ATSI,30.36
PJM,2016,12,BGE,BGE,33.27
PJM,2016,12,COMED,COMED,29.59
PJM,2016,12,DOM,DOM,32.92
PJM,2016,12,DPL,DPL,29.9
PJM,2016,12,EXTERNAL,EXTERNAL,30.89
PJM,2016,12,JCPL,JCPL,30.7
PJM,2016,12,METED,METED,29.99
PJM,2016,12,PECO,PECO,30.11
PJM,2016,12,PENELEC,PENELEC,29.99
PJM,2016,12,PEPCO,PEPCO,34.19
PJM,2016,12,PPL,PPL,30.29
PJM,2016,12,PSEG,PSEG,30.41
PJM,2017,1,AECO,AECO,29.91
PJM,2017,1,AEP,AEP,28.89
PJM,2017,1,APS,APS,29.98
PJM,2017,1,ATSI,ATSI,29.37
PJM,2017,1,BGE,BGE,32.37
PJM,2017,1,COMED,COMED,27.77
PJM,2017,1,DOM,DOM,31.93
PJM,2017,1,DPL,DPL,29.95
PJM,2017,1,EXTERNAL,EXTERNAL,29.81
PJM,2017,1,JCPL,JCPL,30.94
PJM,2017,1,METED,METED,29.88
PJM,2017,1,PECO,PECO,30.16
PJM,2017,1,PENELEC,PENELEC,29.11
PJM,2017,1,PEPCO,PEPCO,33.38
PJM,2017,1,PPL,PPL,30.23
PJM,2017,1,PSEG,PSEG,30.43
PJM,2017,2,AECO,AECO,24.0
PJM,2017,2,AEP,AEP,25.09
PJM,2017,2,APS,APS,25.89
PJM,2017,2,ATSI,ATSI,25.42
PJM,2017,2,BGE,BGE,27.83
PJM,2017,2,COMED,COMED,24.21
PJM,2017,2,DOM,DOM,26.84
PJM,2017,2,DPL,DPL,24.06
PJM,2017,2,EXTERNAL,EXTERNAL,25.11
PJM,2017,2,JCPL,JCPL,25.33
PJM,2017,2,METED,METED,24.99
PJM,2017,2,PECO,PECO,24.3
PJM,2017,2,PENELEC,PENELEC,25.01
PJM,2017,2,PEPCO,PEPCO,27.94
PJM,2017,2,PPL,PPL,24.14
PJM,2017,2,PSEG,PSEG,24.71
PJM,2017,3,AECO,AECO,29.61
PJM,2017,3,AEP,AEP,29.38
PJM,2017,3,APS,APS,31.07
PJM,2017,3,ATSI,ATSI,30.75
PJM,2017,3,BGE,BGE,33.32
PJM,2017,3,COMED,COMED,27.79
PJM,2017,3,DOM,DOM,32.3
PJM,2017,3,DPL,DPL,29.86
PJM,2017,3,EXTERNAL,EXTERNAL,30.09
PJM,2017,3,JCPL,JCPL,31.08
PJM,2017,3,METED,METED,31.18
PJM,2017,3,PECO,PECO,30.42
PJM,2017,3,PENELEC,PENELEC,30.25
PJM,2017,3,PEPCO,PEPCO,33.53
PJM,2017,3,PPL,PPL,30.79
PJM,2017,3,PSEG,PSEG,30.41
PJM,2017,4,AECO,AECO,27.37
PJM,2017,4,AEP,AEP,28.07
PJM,2017,4,APS,APS,28.68
PJM,2017,4,ATSI,ATSI,28.34
PJM,2017,4,BGE,BGE,29.8
PJM,2017,4,COMED,COMED,26.33
PJM,2017,4,DOM,DOM,29.77
PJM,2017,4,DPL,DPL,27.73
PJM,2017,4,EXTERNAL,EXTERNAL,28.27
PJM,2017,4,JCPL,JCPL,28.54
PJM,2017,4,METED,METED,28.27
PJM,2017,4,PECO,PECO,28.21
PJM,2017,4,PENELEC,PENELEC,28.09
PJM,2017,4,PEPCO,PEPCO,30.29
PJM,2017,4,PPL,PPL,28.4
PJM,2017,4,PSEG,PSEG,27.99
PJM,2017,5,AECO,AECO,27.42
PJM,2017,5,AEP,AEP,29.12
PJM,2017,5,APS,APS,29.05
PJM,2017,5,ATSI,ATSI,28.25
PJM,2017,5,BGE,BGE,29.55
PJM,2017,5,COMED,COMED,26.48
PJM,2017,5,DOM,DOM,30.75
PJM,2017,5,DPL,DPL,27.37
PJM,2017,5,EXTERNAL,EXTERNAL,28.61
PJM,2017,5,JCPL,JCPL,27.91
PJM,2017,5,METED,METED,27.98
PJM,2017,5,PECO,PECO,27.7
PJM,2017,5,PENELEC,PENELEC,27.81
PJM,2017,5,PEPCO,PEPCO,30.33
PJM,2017,5,PPL,PPL,27.51
PJM,2017,5,PSEG,PSEG,27.71
PJM,2017,6,AECO,AECO,23.36
PJM,2017,6,AEP,AEP,25.9
PJM,2017,6,APS,APS,26.14
PJM,2017,6,ATSI,ATSI,25.7
PJM,2017,6,BGE,BGE,27.48
PJM,2017,6,COMED,COMED,26.29
PJM,2017,6,DOM,DOM,27.33
PJM,2017,6,DPL,DPL,23.53
PJM,2017,6,EXTERNAL,EXTERNAL,26.43
PJM,2017,6,JCPL,JCPL,25.8
PJM,2017,6,METED,METED,24.9
PJM,2017,6,PECO,PECO,24.14
PJM,2017,6,PENELEC,PENELEC,24.87
PJM,2017,6,PEPCO,PEPCO,28.21
PJM,2017,6,PPL,PPL,24.08
PJM,2017,6,PSEG,PSEG,24.52
PJM,2017,7,AECO,AECO,27.39
PJM,2017,7,AEP,AEP,29.05
PJM,2017,7,APS,APS,29.24
PJM,2017,7,ATSI,ATSI,28.66
PJM,2017,7,BGE,BGE,31.36
PJM,2017,7,COMED,COMED,28.25
PJM,2017,7,DOM,DOM,30.59
PJM,2017,7,DPL,DPL,27.35
PJM,2017,7,EXTERNAL,EXTERNAL,29.01
PJM,2017,7,JCPL,JCPL,28.54
PJM,2017,7,METED,METED,28.51
PJM,2017,7,PECO,PECO,27.56
PJM,2017,7,PENELEC,PENELEC,27.76
PJM,2017,7,PEPCO,PEPCO,31.54
PJM,2017,7,PPL,PPL,27.34
PJM,2017,7,PSEG,PSEG,27.9
PJM,2017,8,EXTERNAL,EXTERNAL,25.83
PJM,2017,9,EXTERNAL,EXTERNAL,26.89
PJM,2017,10,EXTERNAL,EXTERNAL,26.79
PJM,2017,11,EXTERNAL,EXTERNAL,27.33
PJM,2017,12,EXTERNAL,EXTERNAL,33.75
PJM,2018,1,EXTERNAL,EXTERNAL,62.09
PJM,2018,2,EXTERNAL,EXTERNAL,25.02
PJM,2018,3,EXTERNAL,EXTERNAL,28.33
PJM,2018,4,EXTERNAL,EXTERNAL,32.69
PJM,2018,5,EXTERNAL,EXTERNAL,28.95
PJM,2018,6,EXTERNAL,EXTERNAL,27.14
PJM,2018,7,EXTERNAL,EXTERNAL,30.62
PJM,2018,8,EXTERNAL,EXTERNAL,30.77
PJM,2018,9,EXTERNAL,EXTERNAL,30.09
PJM,2018,10,EXTERNAL,EXTERNAL,32.1
PJM,2018,11,EXTERNAL,EXTERNAL,34.49
PJM,2018,12,EXTERNAL,EXTERNAL,31.99
PJM,2019,1,EXTERNAL,EXTERNAL,32.65
PJM,2019,2,EXTERNAL,EXTERNAL,25.67
PJM,2019,3,EXTERNAL,EXTERNAL,28.13
PJM,2019,4,EXTERNAL,EXTERNAL,25.0
PJM,2019,5,EXTERNAL,EXTERNAL,22.66
PJM,2019,6,EXTERNAL,EXTERNAL,21.26
PJM,2019,7,EXTERNAL,EXTERNAL,26.31
PJM,2019,8,EXTERNAL,EXTERNAL,22.76
PJM,2019,9,EXTERNAL,EXTERNAL,22.35
PJM,2019,10,EXTERNAL,EXTERNAL,21.79
PJM,2019,11,EXTERNAL,EXTERNAL,25.83
PJM,2019,12,EXTERNAL,EXTERNAL,22.32
PJM,2020,1,AECO,AECO,21.27
PJM,2020,1,AEP,AEP,22.1
PJM,2020,1,APS,APS,21.96
PJM,2020,1,ATSI,ATSI,22.16
PJM,2020,1,BGE,BGE,23.67
PJM,2020,1,COMED,COMED,20.85
PJM,2020,1,DAY,DAY,23.19
PJM,2020,1,DEOK,DEOK,22.31
PJM,2020,1,DOM,DOM,22.41
PJM,2020,1,DPL,DPL,21.81
PJM,2020,1,DUQ,DUQ,21.74
PJM,2020,1,EKPC,EKPC,22.17
PJM,2020,1,EXTERNAL,EXTERNAL,21.38
PJM,2020,1,JCPL,JCPL,21.44
PJM,2020,1,METED,METED,21.93
PJM,2020,1,PECO,PECO,21.09
PJM,2020,1,PENELEC,PENELEC,21.17
PJM,2020,1,PEPCO,PEPCO,23.15
PJM,2020,1,PPL,PPL,20.11
PJM,2020,1,PSEG,PSEG,21.61
PJM,2020,1,RECO,RECO,21.81
PJM,2020,2,AECO,AECO,18.23
PJM,2020,2,AEP,AEP,20.02
PJM,2020,2,APS,APS,19.87
PJM,2020,2,ATSI,ATSI,20.29
PJM,2020,2,BGE,BGE,21.06
PJM,2020,2,COMED,COMED,18.71
PJM,2020,2,DAY,DAY,21.02
PJM,2020,2,DEOK,DEOK,20.3
PJM,2020,2,DOM,DOM,20.0
PJM,2020,2,DPL,DPL,18.24
PJM,2020,2,DUQ,DUQ,20.39
PJM,2020,2,EKPC,EKPC,20.14
PJM,2020,2,EXTERNAL,EXTERNAL,18.78
PJM,2020,2,JCPL,JCPL,18.2
PJM,2020,2,METED,METED,18.54
PJM,2020,2,PECO,PECO,17.62
PJM,2020,2,PENELEC,PENELEC,19.39
PJM,2020,2,PEPCO,PEPCO,20.57
PJM,2020,2,PPL,PPL,17.66
PJM,2020,2,PSEG,PSEG,18.26
PJM,2020,2,RECO,RECO,18.67
PJM,2020,3,AECO,AECO,16.01
PJM,2020,3,AEP,AEP,18.34
PJM,2020,3,APS,APS,18.08
PJM,2020,3,ATSI,ATSI,18.65
PJM,2020,3,BGE,BGE,19.52
PJM,2020,3,COMED,COMED,16.6
PJM,2020,3,DAY,DAY,19.24
PJM,2020,3,DEOK,DEOK,18.52
PJM,2020,3,DOM,DOM,18.09
PJM,2020,3,DPL,DPL,16.17
PJM,2020,3,DUQ,DUQ,18.63
PJM,2020,3,EKPC,EKPC,18.24
PJM,2020,3,EXTERNAL,EXTERNAL,16.52
PJM,2020,3,JCPL,JCPL,16.16
PJM,2020,3,METED,METED,16.18
PJM,2020,3,PECO,PECO,15.68
PJM,2020,3,PENELEC,PENELEC,17.8
PJM,2020,3,PEPCO,PEPCO,18.73
PJM,2020,3,PPL,PPL,15.68
PJM,2020,3,PSEG,PSEG,16.16
PJM,2020,3,RECO,RECO,16.41
PJM,2020,4,AECO,AECO,15.76
PJM,2020,4,AEP,AEP,17.42
PJM,2020,4,APS,APS,17.38
PJM,2020,4,ATSI,ATSI,17.96
PJM,2020,4,BGE,BGE,17.78
PJM,2020,4,COMED,COMED,15.15
PJM,2020,4,DAY,DAY,18.29
PJM,2020,4,DEOK,DEOK,17.27
PJM,2020,4,DOM,DOM,17.13
PJM,2020,4,DPL,DPL,16.03
PJM,2020,4,DUQ,DUQ,18.07
PJM,2020,4,EKPC,EKPC,17.0
PJM,2020,4,EXTERNAL,EXTERNAL,15.76
PJM,2020,4,JCPL,JCPL,15.98
PJM,2020,4,METED,METED,15.97
PJM,2020,4,PECO,PECO,15.62
PJM,2020,4,PENELEC,PENELEC,17.25
PJM,2020,4,PEPCO,PEPCO,17.35
PJM,2020,4,PPL,PPL,15.76
PJM,2020,4,PSEG,PSEG,15.94
PJM,2020,4,RECO,RECO,16.24
PJM,2020,5,AECO,AECO,14.03
PJM,2020,5,AEP,AEP,18.07
PJM,2020,5,APS,APS,18.89
PJM,2020,5,ATSI,ATSI,18.52
PJM,2020,5,BGE,BGE,19.26
PJM,2020,5,COMED,COMED,15.12
PJM,2020,5,DAY,DAY,19.01
PJM,2020,5,DEOK,DEOK,18.2
PJM,2020,5,DOM,DOM,18.26
PJM,2020,5,DPL,DPL,14.36
PJM,2020,5,DUQ,DUQ,19.4
PJM,2020,5,EKPC,EKPC,17.87
PJM,2020,5,EXTERNAL,EXTERNAL,15.44
PJM,2020,5,JCPL,JCPL,14.49
PJM,2020,5,METED,METED,14.93
PJM,2020,5,PECO,PECO,13.86
PJM,2020,5,PENELEC,PENELEC,16.63
PJM,2020,5,PEPCO,PEPCO,18.41
PJM,2020,5,PPL,PPL,14.25
PJM,2020,5,PSEG,PSEG,14.45
PJM,2020,5,RECO,RECO,14.88
PJM,2020,6,AECO,AECO,16.35
PJM,2020,6,AEP,AEP,18.95
PJM,2020,6,APS,APS,18.49
PJM,2020,6,ATSI,ATSI,18.75
PJM,2020,6,BGE,BGE,21.24
PJM,2020,6,COMED,COMED,17.66
PJM,2020,6,DAY,DAY,20.04
PJM,2020,6,DEOK,DEOK,19.66
PJM,2020,6,DOM,DOM,20.0
PJM,2020,6,DPL,DPL,17.2
PJM,2020,6,DUQ,DUQ,18.68
PJM,2020,6,EKPC,EKPC,19.17
PJM,2020,6,EXTERNAL,EXTERNAL,17.16
PJM,2020,6,JCPL,JCPL,16.74
PJM,2020,6,METED,METED,17.48
PJM,2020,6,PECO,PECO,16.18
PJM,2020,6,PENELEC,PENELEC,17.64
PJM,2020,6,PEPCO,PEPCO,19.75
PJM,2020,6,PPL,PPL,16.79
PJM,2020,6,PSEG,PSEG,16.67
PJM,2020,6,RECO,RECO,17.14
PJM,2020,7,AECO,AECO,22.41
PJM,2020,7,AEP,AEP,25.0
PJM,2020,7,APS,APS,25.48
PJM,2020,7,ATSI,ATSI,25.24
PJM,2020,7,BGE,BGE,28.52
PJM,2020,7,COMED,COMED,23.0
PJM,2020,7,DAY,DAY,26.15
PJM,2020,7,DEOK,DEOK,25.54
PJM,2020,7,DOM,DOM,25.02
PJM,2020,7,DPL,DPL,27.56
PJM,2020,7,DUQ,DUQ,26.24
PJM,2020,7,EKPC,EKPC,24.39
PJM,2020,7,EXTERNAL,EXTERNAL,22.44
PJM,2020,7,JCPL,JCPL,22.0
PJM,2020,7,METED,METED,22.67
PJM,2020,7,PECO,PECO,22.41
PJM,2020,7,PENELEC,PENELEC,24.26
PJM,2020,7,PEPCO,PEPCO,25.96
PJM,2020,7,PPL,PPL,21.89
PJM,2020,7,PSEG,PSEG,21.98
PJM,2020,7,RECO,RECO,22.41
PJM,2020,8,AECO,AECO,19.08
PJM,2020,8,AEP,AEP,23.14
PJM,2020,8,APS,APS,22.61
PJM,2020,8,ATSI,ATSI,22.74
PJM,2020,8,BGE,BGE,28.74
PJM,2020,8,COMED,COMED,22.24
PJM,2020,8,DAY,DAY,23.77
PJM,2020,8,DEOK,DEOK,22.94
PJM,2020,8,DOM,DOM,24.26
PJM,2020,8,DPL,DPL,21.21
PJM,2020,8,DUQ,DUQ,22.99
PJM,2020,8,EKPC,EKPC,22.67
PJM,2020,8,EXTERNAL,EXTERNAL,20.79
PJM,2020,8,JCPL,JCPL,19.17
PJM,2020,8,METED,METED,24.08
PJM,2020,8,PECO,PECO,18.85
PJM,2020,8,PENELEC,PENELEC,22.33
PJM,2020,8,PEPCO,PEPCO,25.11
PJM,2020,8,PPL,PPL,20.23
PJM,2020,8,PSEG,PSEG,19.16
PJM,2020,8,RECO,RECO,19.68
PJM,2020,9,AECO,AECO,14.25
PJM,2020,9,AEP,AEP,19.84
PJM,2020,9,APS,APS,20.24
PJM,2020,9,ATSI,ATSI,19.43
PJM,2020,9,BGE,BGE,24.74
PJM,2020,9,COMED,COMED,17.59
PJM,2020,9,DAY,DAY,20.77
PJM,2020,9,DEOK,DEOK,20.21
PJM,2020,9,DOM,DOM,21.35
PJM,2020,9,DPL,DPL,16.03
PJM,2020,9,DUQ,DUQ,19.96
PJM,2020,9,EKPC,EKPC,19.74
PJM,2020,9,EXTERNAL,EXTERNAL,17.11
PJM,2020,9,JCPL,JCPL,14.31
PJM,2020,9,METED,METED,15.44
PJM,2020,9,PECO,PECO,14.0
PJM,2020,9,PENELEC,PENELEC,17.8
PJM,2020,9,PEPCO,PEPCO,21.43
PJM,2020,9,PPL,PPL,14.48
PJM,2020,9,PSEG,PSEG,15.18
PJM,2020,9,RECO,RECO,16.19
PJM,2020,10,AECO,AECO,15.86
PJM,2020,10,AEP,AEP,22.18
PJM,2020,10,APS,APS,21.24
PJM,2020,10,ATSI,ATSI,21.41
PJM,2020,10,BGE,BGE,27.29
PJM,2020,10,COMED,COMED,20.1
PJM,2020,10,DAY,DAY,23.55
PJM,2020,10,DEOK,DEOK,24.09
PJM,2020,10,DOM,DOM,23.6
PJM,2020,10,DPL,DPL,15.98
PJM,2020,10,DUQ,DUQ,20.89
PJM,2020,10,EKPC,EKPC,22.8
PJM,2020,10,EXTERNAL,EXTERNAL,18.82
PJM,2020,10,JCPL,JCPL,15.72
PJM,2020,10,METED,METED,14.96
PJM,2020,10,PECO,PECO,15.51
PJM,2020,10,PENELEC,PENELEC,19.01
PJM,2020,10,PEPCO,PEPCO,24.46
PJM,2020,10,PPL,PPL,14.92
PJM,2020,10,PSEG,PSEG,16.25
PJM,2020,10,RECO,RECO,17.21
PJM,2020,11,AECO,AECO,18.66
PJM,2020,11,AEP,AEP,20.81
PJM,2020,11,APS,APS,21.2
PJM,2020,11,ATSI,ATSI,21.02
PJM,2020,11,BGE,BGE,23.64
PJM,2020,11,COMED,COMED,17.78
PJM,2020,11,DAY,DAY,22.44
PJM,2020,11,DEOK,DEOK,21.55
PJM,2020,11,DOM,DOM,22.06
PJM,2020,11,DPL,DPL,19.61
PJM,2020,11,DUQ,DUQ,20.68
PJM,2020,11,EKPC,EKPC,20.82
PJM,2020,11,EXTERNAL,EXTERNAL,19.38
PJM,2020,11,JCPL,JCPL,18.92
PJM,2020,11,METED,METED,20.97
PJM,2020,11,PECO,PECO,18.5
PJM,2020,11,PENELEC,PENELEC,20.14
PJM,2020,11,PEPCO,PEPCO,22.67
PJM,2020,11,PPL,PPL,19.61
PJM,2020,11,PSEG,PSEG,18.91
PJM,2020,11,RECO,RECO,19.16
PJM,2020,12,AECO,AECO,24.0
PJM,2020,12,AEP,AEP,24.84
PJM,2020,12,APS,APS,25.24
PJM,2020,12,ATSI,ATSI,24.6
PJM,2020,12,BGE,BGE,29.05
PJM,2020,12,COMED,COMED,22.5
PJM,2020,12,DAY,DAY,26.29
PJM,2020,12,DEOK,DEOK,25.36
PJM,2020,12,DOM,DOM,27.41
PJM,2020,12,DPL,DPL,30.02
PJM,2020,12,DUQ,DUQ,24.03
PJM,2020,12,EKPC,EKPC,24.85
PJM,2020,12,EXTERNAL,EXTERNAL,24.34
PJM,2020,12,JCPL,JCPL,23.54
PJM,2020,12,METED,METED,24.59
PJM,2020,12,PECO,PECO,23.83
PJM,2020,12,PENELEC,PENELEC,25.16
PJM,2020,12,PEPCO,PEPCO,27.55
PJM,2020,12,PPL,PPL,23.53
PJM,2020,12,PSEG,PSEG,24.13
PJM,2020,12,RECO,RECO,24.89
PJM,2021,1,AECO,AECO,23.27
PJM,2021,1,AEP,AEP,25.0
PJM,2021,1,APS,APS,25.22
PJM,2021,1,ATSI,ATSI,24.87
PJM,2021,1,BGE,BGE,29.89
PJM,2021,1,COMED,COMED,23.17
PJM,2021,1,DAY,DAY,26.53
PJM,2021,1,DEOK,DEOK,25.86
PJM,2021,1,DOM,DOM,26.54
PJM,2021,1,DPL,DPL,24.05
PJM,2021,1,DUQ,DUQ,24.3
PJM,2021,1,EKPC,EKPC,25.59
PJM,2021,1,EXTERNAL,EXTERNAL,25.69
PJM,2021,1,JCPL,JCPL,22.73
PJM,2021,1,METED,METED,24.53
PJM,2021,1,PECO,PECO,22.91
PJM,2021,1,PENELEC,PENELEC,25.14
PJM,2021,1,PEPCO,PEPCO,27.47
PJM,2021,1,PPL,PPL,23.37
PJM,2021,1,PSEG,PSEG,26.39
PJM,2021,1,RECO,RECO,29.01
PJM,2021,2,AECO,AECO,39.39
PJM,2021,2,AEP,AEP,42.93
PJM,2021,2,APS,APS,41.32
PJM,2021,2,ATSI,ATSI,41.65
PJM,2021,2,BGE,BGE,44.05
PJM,2021,2,COMED,COMED,42.18
PJM,2021,2,DAY,DAY,45.64
PJM,2021,2,DEOK,DEOK,43.81
PJM,2021,2,DOM,DOM,43.21
PJM,2021,2,DPL,DPL,42.24
PJM,2021,2,DUQ,DUQ,40.62
PJM,2021,2,EKPC,EKPC,43.1
PJM,2021,2,EXTERNAL,EXTERNAL,43.03
PJM,2021,2,JCPL,JCPL,38.98
PJM,2021,2,METED,METED,39.95
PJM,2021,2,PECO,PECO,38.93
PJM,2021,2,PENELEC,PENELEC,41.77
PJM,2021,2,PEPCO,PEPCO,43.33
PJM,2021,2,PPL,PPL,38.88
PJM,2021,2,PSEG,PSEG,42.74
PJM,2021,2,RECO,RECO,49.63
PJM,2021,3,AECO,AECO,20.69
PJM,2021,3,AEP,AEP,24.32
PJM,2021,3,APS,APS,24.78
PJM,2021,3,ATSI,ATSI,24.74
PJM,2021,3,BGE,BGE,29.61
PJM,2021,3,COMED,COMED,21.52
PJM,2021,3,DAY,DAY,26.04
PJM,2021,3,DEOK,DEOK,25.77
PJM,2021,3,DOM,DOM,26.49
PJM,2021,3,DPL,DPL,37.75
PJM,2021,3,DUQ,DUQ,23.99
PJM,2021,3,EKPC,EKPC,24.26
PJM,2021,3,EXTERNAL,EXTERNAL,22.44
PJM,2021,3,JCPL,JCPL,21.18
PJM,2021,3,METED,METED,22.46
PJM,2021,3,PECO,PECO,20.39
PJM,2021,3,PENELEC,PENELEC,23.39
PJM,2021,3,PEPCO,PEPCO,27.35
PJM,2021,3,PPL,PPL,21.12
PJM,2021,3,PSEG,PSEG,21.53
PJM,2021,3,RECO,RECO,22.32
PJM,2021,4,AECO,AECO,20.86
PJM,2021,4,AEP,AEP,28.49
PJM,2021,4,APS,APS,27.71
PJM,2021,4,ATSI,ATSI,27.36
PJM,2021,4,BGE,BGE,33.93
PJM,2021,4,COMED,COMED,25.15
PJM,2021,4,DAY,DAY,30.33
PJM,2021,4,DEOK,DEOK,29.38
PJM,2021,4,DOM,DOM,30.54
PJM,2021,4,DPL,DPL,22.23
PJM,2021,4,DUQ,DUQ,27.41
PJM,2021,4,EKPC,EKPC,28.06
PJM,2021,4,EXTERNAL,EXTERNAL,23.87
PJM,2021,4,JCPL,JCPL,21.36
PJM,2021,4,METED,METED,24.21
PJM,2021,4,PECO,PECO,20.62
PJM,2021,4,PENELEC,PENELEC,24.24
PJM,2021,4,PEPCO,PEPCO,30.42
PJM,2021,4,PPL,PPL,22.5
PJM,2021,4,PSEG,PSEG,21.33
PJM,2021,4,RECO,RECO,21.8
PJM,2021,5,AECO,AECO,23.08
PJM,2021,5,AEP,AEP,28.59
PJM,2021,5,APS,APS,27.98
PJM,2021,5,ATSI,ATSI,27.71
PJM,2021,5,BGE,BGE,32.04
PJM,2021,5,COMED,COMED,25.01
PJM,2021,5,DAY,DAY,31.03
PJM,2021,5,DEOK,DEOK,31.98
PJM,2021,5,DOM,DOM,33.32
PJM,2021,5,DPL,DPL,23.73
PJM,2021,5,DUQ,DUQ,27.84
PJM,2021,5,EKPC,EKPC,28.65
PJM,2021,5,EXTERNAL,EXTERNAL,25.22
PJM,2021,5,JCPL,JCPL,23.65
PJM,2021,5,METED,METED,26.5
PJM,2021,5,PECO,PECO,22.65
PJM,2021,5,PENELEC,PENELEC,26.09
PJM,2021,5,PEPCO,PEPCO,30.18
PJM,2021,5,PPL,PPL,24.78
PJM,2021,5,PSEG,PSEG,23.58
PJM,2021,5,RECO,RECO,24.09
PJM,2021,6,AECO,AECO,27.6
PJM,2021,6,AEP,AEP,32.04
PJM,2021,6,APS,APS,30.7
PJM,2021,6,ATSI,ATSI,31.09
PJM,2021,6,BGE,BGE,34.04
PJM,2021,6,COMED,COMED,30.81
PJM,2021,6,DAY,DAY,33.73
PJM,2021,6,DEOK,DEOK,32.32
PJM,2021,6,DOM,DOM,33.36
PJM,2021,6,DPL,DPL,29.92
PJM,2021,6,DUQ,DUQ,30.63
PJM,2021,6,EKPC,EKPC,30.99
PJM,2021,6,EXTERNAL,EXTERNAL,29.14
PJM,2021,6,JCPL,JCPL,27.85
PJM,2021,6,METED,METED,29.52
PJM,2021,6,PECO,PECO,27.17
PJM,2021,6,PENELEC,PENELEC,29.26
PJM,2021,6,PEPCO,PEPCO,33.75
PJM,2021,6,PPL,PPL,28.16
PJM,2021,6,PSEG,PSEG,27.74
PJM,2021,6,RECO,RECO,30.0
PJM,2021,7,AECO,AECO,33.97
PJM,2021,7,AEP,AEP,36.62
PJM,2021,7,APS,APS,36.46
PJM,2021,7,ATSI,ATSI,36.55
PJM,2021,7,BGE,BGE,40.22
PJM,2021,7,COMED,COMED,35.79
PJM,2021,7,DAY,DAY,38.99
PJM,2021,7,DEOK,DEOK,37.26
PJM,2021,7,DOM,DOM,38.75
PJM,2021,7,DPL,DPL,37.27
PJM,2021,7,DUQ,DUQ,35.89
PJM,2021,7,EKPC,EKPC,36.01
PJM,2021,7,EXTERNAL,EXTERNAL,34.69
PJM,2021,7,JCPL,JCPL,33.64
PJM,2021,7,METED,METED,36.01
PJM,2021,7,PECO,PECO,33.42
PJM,2021,7,PENELEC,PENELEC,35.32
PJM,2021,7,PEPCO,PEPCO,39.29
PJM,2021,7,PPL,PPL,33.45
PJM,2021,7,PSEG,PSEG,33.65
PJM,2021,7,RECO,RECO,35.07
PJM,2021,8,AECO,AECO,39.53
PJM,2021,8,AEP,AEP,42.17
PJM,2021,8,APS,APS,42.89
PJM,2021,8,ATSI,ATSI,42.27
PJM,2021,8,BGE,BGE,45.88
PJM,2021,8,COMED,COMED,41.25
PJM,2021,8,DAY,DAY,43.87
PJM,2021,8,DEOK,DEOK,42.69
PJM,2021,8,DOM,DOM,45.75
PJM,2021,8,DPL,DPL,43.06
PJM,2021,8,DUQ,DUQ,41.92
PJM,2021,8,EKPC,EKPC,41.57
PJM,2021,8,EXTERNAL,EXTERNAL,40.44
PJM,2021,8,JCPL,JCPL,39.32
PJM,2021,8,METED,METED,45.56
PJM,2021,8,PECO,PECO,39.37
PJM,2021,8,PENELEC,PENELEC,42.53
PJM,2021,8,PEPCO,PEPCO,45.17
PJM,2021,8,PPL,PPL,40.83
PJM,2021,8,PSEG,PSEG,39.33
PJM,2021,8,RECO,RECO,41.58
PJM,2021,9,AECO,AECO,37.92
PJM,2021,9,AEP,AEP,44.51
PJM,2021,9,APS,APS,44.98
PJM,2021,9,ATSI,ATSI,44.35
PJM,2021,9,BGE,BGE,49.42
PJM,2021,9,COMED,COMED,42.09
PJM,2021,9,DAY,DAY,46.56
PJM,2021,9,DEOK,DEOK,45.02
PJM,2021,9,DOM,DOM,49.0
PJM,2021,9,DPL,DPL,38.87
PJM,2021,9,DUQ,DUQ,43.47
PJM,2021,9,EKPC,EKPC,44.15
PJM,2021,9,EXTERNAL,EXTERNAL,40.77
PJM,2021,9,JCPL,JCPL,38.56
PJM,2021,9,METED,METED,44.46
PJM,2021,9,PECO,PECO,37.65
PJM,2021,9,PENELEC,PENELEC,43.61
PJM,2021,9,PEPCO,PEPCO,48.09
PJM,2021,9,PPL,PPL,40.25
PJM,2021,9,PSEG,PSEG,38.57
PJM,2021,9,RECO,RECO,39.66
PJM,2021,10,AECO,AECO,44.65
PJM,2021,10,AEP,AEP,58.5
PJM,2021,10,APS,APS,59.48
PJM,2021,10,ATSI,ATSI,58.85
PJM,2021,10,BGE,BGE,64.8
PJM,2021,10,COMED,COMED,52.71
PJM,2021,10,DAY,DAY,60.94
PJM,2021,10,DEOK,DEOK,59.05
PJM,2021,10,DOM,DOM,62.43
PJM,2021,10,DPL,DPL,46.59
PJM,2021,10,DUQ,DUQ,58.28
PJM,2021,10,EKPC,EKPC,58.48
PJM,2021,10,EXTERNAL,EXTERNAL,50.74
PJM,2021,10,JCPL,JCPL,47.06
PJM,2021,10,METED,METED,57.16
PJM,2021,10,PECO,PECO,42.78
PJM,2021,10,PENELEC,PENELEC,54.88
PJM,2021,10,PEPCO,PEPCO,63.43
PJM,2021,10,PPL,PPL,51.74
PJM,2021,10,PSEG,PSEG,46.77
PJM,2021,10,RECO,RECO,48.59
PJM,2021,11,AECO,AECO,44.04
PJM,2021,11,AEP,AEP,62.34
PJM,2021,11,APS,APS,65.8
PJM,2021,11,ATSI,ATSI,63.5
PJM,2021,11,BGE,BGE,74.26
PJM,2021,11,COMED,COMED,47.38
PJM,2021,11,DAY,DAY,67.19
PJM,2021,11,DEOK,DEOK,65.56
PJM,2021,11,DOM,DOM,70.01
PJM,2021,11,DPL,DPL,51.16
PJM,2021,11,DUQ,DUQ,63.39
PJM,2021,11,EKPC,EKPC,65.92
PJM,2021,11,EXTERNAL,EXTERNAL,52.21
PJM,2021,11,JCPL,JCPL,46.93
PJM,2021,11,METED,METED,61.13
PJM,2021,11,PECO,PECO,44.36
PJM,2021,11,PENELEC,PENELEC,60.48
PJM,2021,11,PEPCO,PEPCO,72.44
PJM,2021,11,PPL,PPL,54.11
PJM,2021,11,PSEG,PSEG,46.89
PJM,2021,11,RECO,RECO,49.31
PJM,2021,12,AECO,AECO,28.44
PJM,2021,12,AEP,AEP,37.22
PJM,2021,12,APS,APS,38.09
PJM,2021,12,ATSI,ATSI,36.81
PJM,2021,12,BGE,BGE,42.85
PJM,2021,12,COMED,COMED,31.02
PJM,2021,12,DAY,DAY,38.91
PJM,2021,12,DEOK,DEOK,38.84
PJM,2021,12,DOM,DOM,39.93
PJM,2021,12,DPL,DPL,43.99
PJM,2021,12,DUQ,DUQ,35.7
PJM,2021,12,EKPC,EKPC,39.0
PJM,2021,12,EXTERNAL,EXTERNAL,34.78
PJM,2021,12,JCPL,JCPL,31.76
PJM,2021,12,METED,METED,40.16
PJM,2021,12,PECO,PECO,31.98
PJM,2021,12,PENELEC,PENELEC,39.46
PJM,2021,12,PEPCO,PEPCO,41.44
PJM,2021,12,PPL,PPL,35.6
PJM,2021,12,PSEG,PSEG,32.15
PJM,2021,12,RECO,RECO,35.05
PJM,2022,1,AECO,AECO,67.61
PJM,2022,1,AEP,AEP,55.55
PJM,2022,1,APS,APS,60.9
PJM,2022,1,ATSI,ATSI,53.06
PJM,2022,1,BGE,BGE,72.09
PJM,2022,1,COMED,COMED,43.87
PJM,2022,1,DAY,DAY,56.08
PJM,2022,1,DEOK,DEOK,55.0
PJM,2022,1,DOM,DOM,73.51
PJM,2022,1,DPL,DPL,73.49
PJM,2022,1,DUQ,DUQ,50.86
PJM,2022,1,EKPC,EKPC,55.99
PJM,2022,1,EXTERNAL,EXTERNAL,70.34
PJM,2022,1,JCPL,JCPL,70.38
PJM,2022,1,METED,METED,76.48
PJM,2022,1,PECO,PECO,67.17
PJM,2022,1,PENELEC,PENELEC,69.96
PJM,2022,1,PEPCO,PEPCO,71.87
PJM,2022,1,PPL,PPL,67.37
PJM,2022,1,PSEG,PSEG,76.18
PJM,2022,1,RECO,RECO,80.43
PJM,2022,2,AECO,AECO,46.61
PJM,2022,2,AEP,AEP,47.32
PJM,2022,2,APS,APS,49.76
PJM,2022,2,ATSI,ATSI,48.11
PJM,2022,2,BGE,BGE,56.68
PJM,2022,2,COMED,COMED,38.95
PJM,2022,2,DAY,DAY,48.91
PJM,2022,2,DEOK,DEOK,47.33
PJM,2022,2,DOM,DOM,54.69
PJM,2022,2,DPL,DPL,55.57
PJM,2022,2,DUQ,DUQ,46.69
PJM,2022,2,EKPC,EKPC,47.91
PJM,2022,2,EXTERNAL,EXTERNAL,50.26
PJM,2022,2,JCPL,JCPL,48.15
PJM,2022,2,METED,METED,52.84
PJM,2022,2,PECO,PECO,47.37
PJM,2022,2,PENELEC,PENELEC,50.07
PJM,2022,2,PEPCO,PEPCO,55.24
PJM,2022,2,PPL,PPL,49.62
PJM,2022,2,PSEG,PSEG,51.38
PJM,2022,2,RECO,RECO,56.1
PJM,2022,3,AECO,AECO,39.84
PJM,2022,3,AEP,AEP,45.32
PJM,2022,3,APS,APS,45.82
PJM,2022,3,ATSI,ATSI,45.78
PJM,2022,3,BGE,BGE,50.03
PJM,2022,3,COMED,COMED,38.07
PJM,2022,3,DAY,DAY,47.0
PJM,2022,3,DEOK,DEOK,46.3
PJM,2022,3,DOM,DOM,48.32
PJM,2022,3,DPL,DPL,42.82
PJM,2022,3,DUQ,DUQ,44.19
PJM,2022,3,EKPC,EKPC,46.07
PJM,2022,3,EXTERNAL,EXTERNAL,42.72
PJM,2022,3,JCPL,JCPL,41.08
PJM,2022,3,METED,METED,43.62
PJM,2022,3,PECO,PECO,39.5
PJM,2022,3,PENELEC,PENELEC,44.51
PJM,2022,3,PEPCO,PEPCO,48.91
PJM,2022,3,PPL,PPL,41.63
PJM,2022,3,PSEG,PSEG,41.44
PJM,2022,3,RECO,RECO,43.87
PJM,2022,4,AECO,AECO,55.64
PJM,2022,4,AEP,AEP,65.93
PJM,2022,4,APS,APS,66.17
PJM,2022,4,ATSI,ATSI,66.17
PJM,2022,4,BGE,BGE,72.76
PJM,2022,4,COMED,COMED,50.06
PJM,2022,4,DAY,DAY,68.02
PJM,2022,4,DEOK,DEOK,66.74
PJM,2022,4,DOM,DOM,71.37
PJM,2022,4,DPL,DPL,55.45
PJM,2022,4,DUQ,DUQ,64.88
PJM,2022,4,EKPC,EKPC,66.39
PJM,2022,4,EXTERNAL,EXTERNAL,59.29
PJM,2022,4,JCPL,JCPL,57.08
PJM,2022,4,METED,METED,62.27
PJM,2022,4,PECO,PECO,54.42
PJM,2022,4,PENELEC,PENELEC,63.03
PJM,2022,4,PEPCO,PEPCO,70.29
PJM,2022,4,PPL,PPL,59.31
PJM,2022,4,PSEG,PSEG,57.15
PJM,2022,4,RECO,RECO,58.76
PJM,2022,5,AECO,AECO,62.54
PJM,2022,5,AEP,AEP,77.94
PJM,2022,5,APS,APS,78.72
PJM,2022,5,ATSI,ATSI,77.17
PJM,2022,5,BGE,BGE,90.42
PJM,2022,5,COMED,COMED,67.13
PJM,2022,5,DAY,DAY,80.52
PJM,2022,5,DEOK,DEOK,79.48
PJM,2022,5,DOM,DOM,108.46
PJM,2022,5,DPL,DPL,62.17
PJM,2022,5,DUQ,DUQ,76.44
PJM,2022,5,EKPC,EKPC,78.97
PJM,2022,5,EXTERNAL,EXTERNAL,68.66
PJM,2022,5,JCPL,JCPL,64.34
PJM,2022,5,METED,METED,77.36
PJM,2022,5,PECO,PECO,60.89
PJM,2022,5,PENELEC,PENELEC,72.32
PJM,2022,5,PEPCO,PEPCO,86.89
PJM,2022,5,PPL,PPL,70.72
PJM,2022,5,PSEG,PSEG,64.19
PJM,2022,5,RECO,RECO,65.96
PJM,2022,6,AECO,AECO,64.35
PJM,2022,6,AEP,AEP,88.17
PJM,2022,6,APS,APS,85.58
PJM,2022,6,ATSI,ATSI,85.79
PJM,2022,6,BGE,BGE,99.49
PJM,2022,6,COMED,COMED,82.41
PJM,2022,6,DAY,DAY,90.92
PJM,2022,6,DEOK,DEOK,90.69
PJM,2022,6,DOM,DOM,92.89
PJM,2022,6,DPL,DPL,62.64
PJM,2022,6,DUQ,DUQ,85.06
PJM,2022,6,EKPC,EKPC,88.4
PJM,2022,6,EXTERNAL,EXTERNAL,73.96
PJM,2022,6,JCPL,JCPL,66.54
PJM,2022,6,METED,METED,77.26
PJM,2022,6,PECO,PECO,61.72
PJM,2022,6,PENELEC,PENELEC,77.9
PJM,2022,6,PEPCO,PEPCO,95.26
PJM,2022,6,PPL,PPL,72.45
PJM,2022,6,PSEG,PSEG,66.64
PJM,2022,6,RECO,RECO,69.5
PJM,2022,7,AECO,AECO,82.7
PJM,2022,7,AEP,AEP,88.43
PJM,2022,7,APS,APS,89.47
PJM,2022,7,ATSI,ATSI,88.21
PJM,2022,7,BGE,BGE,102.06
PJM,2022,7,COMED,COMED,83.19
PJM,2022,7,DAY,DAY,91.95
PJM,2022,7,DEOK,DEOK,90.34
PJM,2022,7,DOM,DOM,99.75
PJM,2022,7,DPL,DPL,92.39
PJM,2022,7,DUQ,DUQ,87.41
PJM,2022,7,EKPC,EKPC,87.74
PJM,2022,7,EXTERNAL,EXTERNAL,84.01
PJM,2022,7,JCPL,JCPL,82.77
PJM,2022,7,METED,METED,91.94
PJM,2022,7,PECO,PECO,81.58
PJM,2022,7,PENELEC,PENELEC,85.45
PJM,2022,7,PEPCO,PEPCO,98.46
PJM,2022,7,PPL,PPL,86.59
PJM,2022,7,PSEG,PSEG,82.79
PJM,2022,7,RECO,RECO,83.82
PJM,2022,8,AECO,AECO,94.33
PJM,2022,8,AEP,AEP,94.54
PJM,2022,8,APS,APS,95.16
PJM,2022,8,ATSI,ATSI,93.47
PJM,2022,8,BGE,BGE,111.54
PJM,2022,8,COMED,COMED,90.58
PJM,2022,8,DAY,DAY,98.4
PJM,2022,8,DEOK,DEOK,96.08
PJM,2022,8,DOM,DOM,115.83
PJM,2022,8,DPL,DPL,105.7
PJM,2022,8,DUQ,DUQ,91.34
PJM,2022,8,EKPC,EKPC,94.24
PJM,2022,8,EXTERNAL,EXTERNAL,92.75
PJM,2022,8,JCPL,JCPL,93.17
PJM,2022,8,METED,METED,116.4
PJM,2022,8,PECO,PECO,94.89
PJM,2022,8,PENELEC,PENELEC,92.27
PJM,2022,8,PEPCO,PEPCO,106.64
PJM,2022,8,PPL,PPL,103.17
PJM,2022,8,PSEG,PSEG,92.81
PJM,2022,8,RECO,RECO,92.85
PJM,2022,9,AECO,AECO,63.01
PJM,2022,9,AEP,AEP,79.06
PJM,2022,9,APS,APS,79.55
PJM,2022,9,ATSI,ATSI,77.56
PJM,2022,9,BGE,BGE,94.73
PJM,2022,9,COMED,COMED,71.97
PJM,2022,9,DAY,DAY,82.74
PJM,2022,9,DEOK,DEOK,81.11
PJM,2022,9,DOM,DOM,94.92
PJM,2022,9,DPL,DPL,62.28
PJM,2022,9,DUQ,DUQ,76.43
PJM,2022,9,EKPC,EKPC,79.38
PJM,2022,9,EXTERNAL,EXTERNAL,70.79
PJM,2022,9,JCPL,JCPL,64.37
PJM,2022,9,METED,METED,76.54
PJM,2022,9,PECO,PECO,61.05
PJM,2022,9,PENELEC,PENELEC,75.02
PJM,2022,9,PEPCO,PEPCO,89.53
PJM,2022,9,PPL,PPL,70.11
PJM,2022,9,PSEG,PSEG,64.78
PJM,2022,9,RECO,RECO,68.16
PJM,2022,10,AECO,AECO,45.7
PJM,2022,10,AEP,AEP,59.45
PJM,2022,10,APS,APS,59.79
PJM,2022,10,ATSI,ATSI,59.44
PJM,2022,10,BGE,BGE,67.68
PJM,2022,10,COMED,COMED,48.57
PJM,2022,10,DAY,DAY,62.16
PJM,2022,10,DEOK,DEOK,61.1
PJM,2022,10,DOM,DOM,66.29
PJM,2022,10,DPL,DPL,52.73
PJM,2022,10,DUQ,DUQ,58.79
PJM,2022,10,EKPC,EKPC,59.76
PJM,2022,10,EXTERNAL,EXTERNAL,50.47
PJM,2022,10,JCPL,JCPL,47.74
PJM,2022,10,METED,METED,55.54
PJM,2022,10,PECO,PECO,43.65
PJM,2022,10,PENELEC,PENELEC,55.54
PJM,2022,10,PEPCO,PEPCO,65.34
PJM,2022,10,PPL,PPL,51.61
PJM,2022,10,PSEG,PSEG,47.59
PJM,2022,10,RECO,RECO,48.98
PJM,2022,11,AECO,AECO,43.39
PJM,2022,11,AEP,AEP,53.38
PJM,2022,11,APS,APS,54.66
PJM,2022,11,ATSI,ATSI,52.84
PJM,2022,11,BGE,BGE,61.47
PJM,2022,11,COMED,COMED,45.03
PJM,2022,11,DAY,DAY,55.83
PJM,2022,11,DEOK,DEOK,54.85
PJM,2022,11,DOM,DOM,69.12
PJM,2022,11,DPL,DPL,46.81
PJM,2022,11,DUQ,DUQ,52.91
PJM,2022,11,EKPC,EKPC,54.11
PJM,2022,11,EXTERNAL,EXTERNAL,46.82
PJM,2022,11,JCPL,JCPL,44.18
PJM,2022,11,METED,METED,52.5
PJM,2022,11,PECO,PECO,41.27
PJM,2022,11,PENELEC,PENELEC,51.74
PJM,2022,11,PEPCO,PEPCO,59.36
PJM,2022,11,PPL,PPL,48.1
PJM,2022,11,PSEG,PSEG,44.19
PJM,2022,11,RECO,RECO,45.43
PJM,2022,12,AECO,AECO,87.61
PJM,2022,12,AEP,AEP,84.05
PJM,2022,12,APS,APS,86.66
PJM,2022,12,ATSI,ATSI,83.84
PJM,2022,12,BGE,BGE,100.68
PJM,2022,12,COMED,COMED,63.09
PJM,2022,12,DAY,DAY,86.55
PJM,2022,12,DEOK,DEOK,84.23
PJM,2022,12,DOM,DOM,104.67
PJM,2022,12,DPL,DPL,94.69
PJM,2022,12,DUQ,DUQ,81.41
PJM,2022,12,EKPC,EKPC,84.44
PJM,2022,12,EXTERNAL,EXTERNAL,85.06
PJM,2022,12,JCPL,JCPL,88.18
PJM,2022,12,METED,METED,93.82
PJM,2022,12,PECO,PECO,85.79
PJM,2022,12,PENELEC,PENELEC,84.45
PJM,2022,12,PEPCO,PEPCO,98.78
PJM,2022,12,PPL,PPL,88.85
PJM,2022,12,PSEG,PSEG,88.61
PJM,2022,12,RECO,RECO,91.77
PJM,2023,1,AECO,AECO,31.16
PJM,2023,1,AEP,AEP,36.69
PJM,2023,1,APS,APS,38.26
PJM,2023,1,ATSI,ATSI,37.15
PJM,2023,1,BGE,BGE,41.75
PJM,2023,1,COMED,COMED,32.63
PJM,2023,1,DAY,DAY,38.22
PJM,2023,1,DEOK,DEOK,37.08
PJM,2023,1,DOM,DOM,39.18
PJM,2023,1,DPL,DPL,31.17
PJM,2023,1,DUQ,DUQ,36.51
PJM,2023,1,EKPC,EKPC,36.57
PJM,2023,1,EXTERNAL,EXTERNAL,34.15
PJM,2023,1,JCPL,JCPL,31.72
PJM,2023,1,METED,METED,36.76
PJM,2023,1,PECO,PECO,29.61
PJM,2023,1,PENELEC,PENELEC,37.08
PJM,2023,1,PEPCO,PEPCO,40.48
PJM,2023,1,PPL,PPL,32.56
PJM,2023,1,PSEG,PSEG,32.3
PJM,2023,1,RECO,RECO,34.5
PJM,2023,2,AECO,AECO,28.79
PJM,2023,2,AEP,AEP,28.37
PJM,2023,2,APS,APS,30.31
PJM,2023,2,ATSI,ATSI,28.29
PJM,2023,2,BGE,BGE,35.45
PJM,2023,2,COMED,COMED,24.72
PJM,2023,2,DAY,DAY,29.57
PJM,2023,2,DEOK,DEOK,28.58
PJM,2023,2,DOM,DOM,33.49
PJM,2023,2,DPL,DPL,32.15
PJM,2023,2,DUQ,DUQ,27.61
PJM,2023,2,EKPC,EKPC,28.36
PJM,2023,2,EXTERNAL,EXTERNAL,29.83
PJM,2023,2,JCPL,JCPL,28.9
PJM,2023,2,METED,METED,30.39
PJM,2023,2,PECO,PECO,27.92
PJM,2023,2,PENELEC,PENELEC,30.94
PJM,2023,2,PEPCO,PEPCO,34.71
PJM,2023,2,PPL,PPL,28.86
PJM,2023,2,PSEG,PSEG,30.22
PJM,2023,2,RECO,RECO,32.96
PJM,2023,3,AECO,AECO,24.65
PJM,2023,3,AEP,AEP,28.99
PJM,2023,3,APS,APS,29.02
PJM,2023,3,ATSI,ATSI,29.02
PJM,2023,3,BGE,BGE,32.26
PJM,2023,3,COMED,COMED,22.87
PJM,2023,3,DAY,DAY,30.32
PJM,2023,3,DEOK,DEOK,30.05
PJM,2023,3,DOM,DOM,31.29
PJM,2023,3,DPL,DPL,24.47
PJM,2023,3,DUQ,DUQ,28.3
PJM,2023,3,EKPC,EKPC,29.41
PJM,2023,3,EXTERNAL,EXTERNAL,26.27
PJM,2023,3,JCPL,JCPL,25.24
PJM,2023,3,METED,METED,26.72
PJM,2023,3,PECO,PECO,23.7
PJM,2023,3,PENELEC,PENELEC,27.58
PJM,2023,3,PEPCO,PEPCO,31.26
PJM,2023,3,PPL,PPL,25.69
PJM,2023,3,PSEG,PSEG,25.26
PJM,2023,3,RECO,RECO,25.98
PJM,2023,4,AECO,AECO,23.91
PJM,2023,4,AEP,AEP,30.38
PJM,2023,4,APS,APS,30.7
PJM,2023,4,ATSI,ATSI,30.51
PJM,2023,4,BGE,BGE,35.23
PJM,2023,4,COMED,COMED,18.67
PJM,2023,4,DAY,DAY,31.57
PJM,2023,4,DEOK,DEOK,31.06
PJM,2023,4,DOM,DOM,38.6
PJM,2023,4,DPL,DPL,24.03
PJM,2023,4,DUQ,DUQ,30.33
PJM,2023,4,EKPC,EKPC,30.43
PJM,2023,4,EXTERNAL,EXTERNAL,25.54
PJM,2023,4,JCPL,JCPL,24.35
PJM,2023,4,METED,METED,25.45
PJM,2023,4,PECO,PECO,23.63
PJM,2023,4,PENELEC,PENELEC,28.24
PJM,2023,4,PEPCO,PEPCO,34.12
PJM,2023,4,PPL,PPL,23.9
PJM,2023,4,PSEG,PSEG,24.38
PJM,2023,4,RECO,RECO,24.92
PJM,2023,5,AECO,AECO,18.4
PJM,2023,5,AEP,AEP,30.01
PJM,2023,5,APS,APS,30.43
PJM,2023,5,ATSI,ATSI,29.19
PJM,2023,5,BGE,BGE,35.89
PJM,2023,5,COMED,COMED,23.58
PJM,2023,5,DAY,DAY,32.86
PJM,2023,5,DEOK,DEOK,32.49
PJM,2023,5,DOM,DOM,33.84
PJM,2023,5,DPL,DPL,16.34
PJM,2023,5,DUQ,DUQ,29.67
PJM,2023,5,EKPC,EKPC,30.47
PJM,2023,5,EXTERNAL,EXTERNAL,23.09
PJM,2023,5,JCPL,JCPL,20.12
PJM,2023,5,METED,METED,24.86
PJM,2023,5,PECO,PECO,16.83
PJM,2023,5,PENELEC,PENELEC,26.47
PJM,2023,5,PEPCO,PEPCO,34.19
PJM,2023,5,PPL,PPL,22.49
PJM,2023,5,PSEG,PSEG,20.0
PJM,2023,5,RECO,RECO,21.22
PJM,2023,6,AECO,AECO,18.78
PJM,2023,6,AEP,AEP,27.22
PJM,2023,6,APS,APS,27.45
PJM,2023,6,ATSI,ATSI,26.53
PJM,2023,6,BGE,BGE,33.27
PJM,2023,6,COMED,COMED,25.79
PJM,2023,6,DAY,DAY,28.91
PJM,2023,6,DEOK,DEOK,28.89
PJM,2023,6,DOM,DOM,30.46
PJM,2023,6,DPL,DPL,18.27
PJM,2023,6,DUQ,DUQ,26.08
PJM,2023,6,EKPC,EKPC,27.62
PJM,2023,6,EXTERNAL,EXTERNAL,22.77
PJM,2023,6,JCPL,JCPL,19.75
PJM,2023,6,METED,METED,22.2
PJM,2023,6,PECO,PECO,17.86
PJM,2023,6,PENELEC,PENELEC,24.76
PJM,2023,6,PEPCO,PEPCO,31.74
PJM,2023,6,PPL,PPL,20.43
PJM,2023,6,PSEG,PSEG,19.75
PJM,2023,6,RECO,RECO,21.29
PJM,2023,7,AECO,AECO,31.47
PJM,2023,7,AEP,AEP,36.32
PJM,2023,7,APS,APS,36.96
PJM,2023,7,ATSI,ATSI,36.51
PJM,2023,7,BGE,BGE,44.59
PJM,2023,7,COMED,COMED,35.22
PJM,2023,7,DAY,DAY,37.67
PJM,2023,7,DEOK,DEOK,37.07
PJM,2023,7,DOM,DOM,40.74
PJM,2023,7,DPL,DPL,45.9
PJM,2023,7,DUQ,DUQ,35.86
PJM,2023,7,EKPC,EKPC,35.99
PJM,2023,7,EXTERNAL,EXTERNAL,33.51
PJM,2023,7,JCPL,JCPL,31.23
PJM,2023,7,METED,METED,31.14
PJM,2023,7,PECO,PECO,30.84
PJM,2023,7,PENELEC,PENELEC,36.07
PJM,2023,7,PEPCO,PEPCO,42.12
PJM,2023,7,PPL,PPL,29.49
PJM,2023,7,PSEG,PSEG,31.3
PJM,2023,7,RECO,RECO,33.17
PJM,2023,8,AECO,AECO,19.72
PJM,2023,8,AEP,AEP,30.0
PJM,2023,8,APS,APS,29.51
PJM,2023,8,ATSI,ATSI,28.75
PJM,2023,8,BGE,BGE,38.97
PJM,2023,8,COMED,COMED,29.71
PJM,2023,8,DAY,DAY,31.35
PJM,2023,8,DEOK,DEOK,30.99
PJM,2023,8,DOM,DOM,33.36
PJM,2023,8,DPL,DPL,26.71
PJM,2023,8,DUQ,DUQ,28.27
PJM,2023,8,EKPC,EKPC,30.17
PJM,2023,8,EXTERNAL,EXTERNAL,24.48
PJM,2023,8,JCPL,JCPL,20.06
PJM,2023,8,METED,METED,20.42
PJM,2023,8,PECO,PECO,19.27
PJM,2023,8,PENELEC,PENELEC,25.84
PJM,2023,8,PEPCO,PEPCO,35.78
PJM,2023,8,PPL,PPL,19.23
PJM,2023,8,PSEG,PSEG,20.18
PJM,2023,8,RECO,RECO,22.15
PJM,2023,9,AECO,AECO,19.9
PJM,2023,9,AEP,AEP,29.58
PJM,2023,9,APS,APS,30.69
PJM,2023,9,ATSI,ATSI,29.07
PJM,2023,9,BGE,BGE,40.44
PJM,2023,9,COMED,COMED,27.55
PJM,2023,9,DAY,DAY,30.62
PJM,2023,9,DEOK,DEOK,30.14
PJM,2023,9,DOM,DOM,34.96
PJM,2023,9,DPL,DPL,25.91
PJM,2023,9,DUQ,DUQ,28.7
PJM,2023,9,EKPC,EKPC,29.49
PJM,2023,9,EXTERNAL,EXTERNAL,24.52
PJM,2023,9,JCPL,JCPL,20.51
PJM,2023,9,METED,METED,21.62
PJM,2023,9,PECO,PECO,19.23
PJM,2023,9,PENELEC,PENELEC,27.42
PJM,2023,9,PEPCO,PEPCO,37.68
PJM,2023,9,PPL,PPL,19.24
PJM,2023,9,PSEG,PSEG,20.84
PJM,2023,9,RECO,RECO,23.76
PJM,2023,10,AECO,AECO,22.13
PJM,2023,10,AEP,AEP,35.41
PJM,2023,10,APS,APS,38.22
PJM,2023,10,ATSI,ATSI,36.26
PJM,2023,10,BGE,BGE,44.83
PJM,2023,10,COMED,COMED,30.27
PJM,2023,10,DAY,DAY,36.05
PJM,2023,10,DEOK,DEOK,35.42
PJM,2023,10,DOM,DOM,42.04
PJM,2023,10,DPL,DPL,19.0
PJM,2023,10,DUQ,DUQ,37.15
PJM,2023,10,EKPC,EKPC,34.66
PJM,2023,10,EXTERNAL,EXTERNAL,27.72
PJM,2023,10,JCPL,JCPL,24.13
PJM,2023,10,METED,METED,32.15
PJM,2023,10,PECO,PECO,20.2
PJM,2023,10,PENELEC,PENELEC,33.08
PJM,2023,10,PEPCO,PEPCO,40.55
PJM,2023,10,PPL,PPL,27.89
PJM,2023,10,PSEG,PSEG,23.97
PJM,2023,10,RECO,RECO,25.71
PJM,2023,11,AECO,AECO,27.24
PJM,2023,11,AEP,AEP,32.0
PJM,2023,11,APS,APS,35.93
PJM,2023,11,ATSI,ATSI,30.48
PJM,2023,11,BGE,BGE,40.99
PJM,2023,11,COMED,COMED,24.62
PJM,2023,11,DAY,DAY,32.73
PJM,2023,11,DEOK,DEOK,31.76
PJM,2023,11,DOM,DOM,40.24
PJM,2023,11,DPL,DPL,28.57
PJM,2023,11,DUQ,DUQ,35.75
PJM,2023,11,EKPC,EKPC,31.62
PJM,2023,11,EXTERNAL,EXTERNAL,29.15
PJM,2023,11,JCPL,JCPL,28.49
PJM,2023,11,METED,METED,32.14
PJM,2023,11,PECO,PECO,25.85
PJM,2023,11,PENELEC,PENELEC,38.42
PJM,2023,11,PEPCO,PEPCO,38.32
PJM,2023,11,PPL,PPL,30.34
PJM,2023,11,PSEG,PSEG,28.38
PJM,2023,11,RECO,RECO,29.75
PJM,2023,12,AECO,AECO,21.9
PJM,2023,12,AEP,AEP,27.15
PJM,2023,12,APS,APS,29.08
PJM,2023,12,ATSI,ATSI,27.25
PJM,2023,12,BGE,BGE,34.01
PJM,2023,12,COMED,COMED,24.01
PJM,2023,12,DAY,DAY,28.0
PJM,2023,12,DEOK,DEOK,27.11
PJM,2023,12,DOM,DOM,31.06
PJM,2023,12,DPL,DPL,30.61
PJM,2023,12,DUQ,DUQ,27.88
PJM,2023,12,EKPC,EKPC,26.95
PJM,2023,12,EXTERNAL,EXTERNAL,25.07
PJM,2023,12,JCPL,JCPL,22.94
PJM,2023,12,METED,METED,25.28
PJM,2023,12,PECO,PECO,20.48
PJM,2023,12,PENELEC,PENELEC,30.29
PJM,2023,12,PEPCO,PEPCO,32.41
PJM,2023,12,PPL,PPL,23.39
PJM,2023,12,PSEG,PSEG,23.12
PJM,2023,12,RECO,RECO,25.57
PJM,2024,1,AECO,AECO,43.63
PJM,2024,1,AEP,AEP,43.78
PJM,2024,1,APS,APS,45.84
PJM,2024,1,ATSI,ATSI,43.75
PJM,2024,1,BGE,BGE,52.41
PJM,2024,1,COMED,COMED,40.75
PJM,2024,1,DAY,DAY,46.1
PJM,2024,1,DEOK,DEOK,44.73
PJM,2024,1,DOM,DOM,51.34
PJM,2024,1,DPL,DPL,45.71
PJM,2024,1,DUQ,DUQ,41.93
PJM,2024,1,EKPC,EKPC,44.53
PJM,2024,1,EXTERNAL,EXTERNAL,45.66
PJM,2024,1,JCPL,JCPL,43.8
PJM,2024,1,METED,METED,47.86
PJM,2024,1,PECO,PECO,42.39
PJM,2024,1,PENELEC,PENELEC,48.65
PJM,2024,1,PEPCO,PEPCO,52.06
PJM,2024,1,PPL,PPL,42.63
PJM,2024,1,PSEG,PSEG,44.86
PJM,2024,1,RECO,RECO,48.87
PJM,2024,2,AECO,AECO,20.55
PJM,2024,2,AEP,AEP,23.58
PJM,2024,2,APS,APS,24.3
PJM,2024,2,ATSI,ATSI,24.06
PJM,2024,2,BGE,BGE,26.94
PJM,2024,2,COMED,COMED,20.97
PJM,2024,2,DAY,DAY,24.58
PJM,2024,2,DEOK,DEOK,23.78
PJM,2024,2,DOM,DOM,25.31
PJM,2024,2,DPL,DPL,21.14
PJM,2024,2,DUQ,DUQ,23.44
PJM,2024,2,EKPC,EKPC,23.44
PJM,2024,2,EXTERNAL,EXTERNAL,23.23
PJM,2024,2,JCPL,JCPL,21.19
PJM,2024,2,METED,METED,22.76
PJM,2024,2,PECO,PECO,19.71
PJM,2024,2,PENELEC,PENELEC,24.47
PJM,2024,2,PEPCO,PEPCO,26.18
PJM,2024,2,PPL,PPL,20.67
PJM,2024,2,PSEG,PSEG,21.55
PJM,2024,2,RECO,RECO,24.99
PJM,2024,3,AECO,AECO,18.49
PJM,2024,3,AEP,AEP,22.36
PJM,2024,3,APS,APS,22.66
PJM,2024,3,ATSI,ATSI,22.68
PJM,2024,3,BGE,BGE,24.86
PJM,2024,3,COMED,COMED,16.44
PJM,2024,3,DAY,DAY,24.37
PJM,2024,3,DEOK,DEOK,22.56
PJM,2024,3,DOM,DOM,23.71
PJM,2024,3,DPL,DPL,18.5
PJM,2024,3,DUQ,DUQ,21.46
PJM,2024,3,EKPC,EKPC,21.83
PJM,2024,3,EXTERNAL,EXTERNAL,19.93
PJM,2024,3,JCPL,JCPL,18.93
PJM,2024,3,METED,METED,20.8
PJM,2024,3,PECO,PECO,17.84
PJM,2024,3,PENELEC,PENELEC,24.47
PJM,2024,3,PEPCO,PEPCO,24.24
PJM,2024,3,PPL,PPL,18.1
PJM,2024,3,PSEG,PSEG,19.18
PJM,2024,3,RECO,RECO,20.9
PJM,2024,4,AECO,AECO,22.68
PJM,2024,4,AEP,AEP,26.39
PJM,2024,4,APS,APS,27.9
PJM,2024,4,ATSI,ATSI,27.11
PJM,2024,4,BGE,BGE,30.69
PJM,2024,4,COMED,COMED,17.63
PJM,2024,4,DAY,DAY,27.77
PJM,2024,4,DEOK,DEOK,26.93
PJM,2024,4,DOM,DOM,32.3
PJM,2024,4,DPL,DPL,21.88
PJM,2024,4,DUQ,DUQ,26.65
PJM,2024,4,EKPC,EKPC,26.41
PJM,2024,4,EXTERNAL,EXTERNAL,23.27
PJM,2024,4,JCPL,JCPL,23.3
PJM,2024,4,METED,METED,26.39
PJM,2024,4,PECO,PECO,22.13
PJM,2024,4,PENELEC,PENELEC,27.1
PJM,2024,4,PEPCO,PEPCO,29.8
PJM,2024,4,PPL,PPL,24.41
PJM,2024,4,PSEG,PSEG,23.26
PJM,2024,4,RECO,RECO,23.76
PJM,2024,5,AECO,AECO,21.92
PJM,2024,5,AEP,AEP,31.23
PJM,2024,5,APS,APS,30.3
PJM,2024,5,ATSI,ATSI,31.04
PJM,2024,5,BGE,BGE,40.66
PJM,2024,5,COMED,COMED,24.63
PJM,2024,5,DAY,DAY,32.64
PJM,2024,5,DEOK,DEOK,32.14
PJM,2024,5,DOM,DOM,44.79
PJM,2024,5,DPL,DPL,21.88
PJM,2024,5,DUQ,DUQ,31.41
PJM,2024,5,EKPC,EKPC,30.29
PJM,2024,5,EXTERNAL,EXTERNAL,24.98
PJM,2024,5,JCPL,JCPL,22.49
PJM,2024,5,METED,METED,24.75
PJM,2024,5,PECO,PECO,21.2
PJM,2024,5,PENELEC,PENELEC,29.07
PJM,2024,5,PEPCO,PEPCO,39.93
PJM,2024,5,PPL,PPL,22.0
PJM,2024,5,PSEG,PSEG,22.52
PJM,2024,5,RECO,RECO,23.78
PJM,2024,6,AECO,AECO,27.24
PJM,2024,6,AEP,AEP,29.5
PJM,2024,6,APS,APS,30.36
PJM,2024,6,ATSI,ATSI,29.95
PJM,2024,6,BGE,BGE,37.15
PJM,2024,6,COMED,COMED,25.6
PJM,2024,6,DAY,DAY,31.15
PJM,2024,6,DEOK,DEOK,30.04
PJM,2024,6,DOM,DOM,32.67
PJM,2024,6,DPL,DPL,33.05
PJM,2024,6,DUQ,DUQ,30.14
PJM,2024,6,EKPC,EKPC,28.7
PJM,2024,6,EXTERNAL,EXTERNAL,26.79
PJM,2024,6,JCPL,JCPL,26.47
PJM,2024,6,METED,METED,26.72
PJM,2024,6,PECO,PECO,26.49
PJM,2024,6,PENELEC,PENELEC,29.68
PJM,2024,6,PEPCO,PEPCO,35.06
PJM,2024,6,PPL,PPL,25.07
PJM,2024,6,PSEG,PSEG,26.54
PJM,2024,6,RECO,RECO,28.02
PJM,2024,7,AECO,AECO,37.4
PJM,2024,7,AEP,AEP,35.98
PJM,2024,7,APS,APS,41.25
PJM,2024,7,ATSI,ATSI,37.24
PJM,2024,7,BGE,BGE,65.94
PJM,2024,7,COMED,COMED,31.31
PJM,2024,7,DAY,DAY,35.67
PJM,2024,7,DEOK,DEOK,34.67
PJM,2024,7,DOM,DOM,46.9
PJM,2024,7,DPL,DPL,54.24
PJM,2024,7,DUQ,DUQ,37.73
PJM,2024,7,EKPC,EKPC,34.35
PJM,2024,7,EXTERNAL,EXTERNAL,34.19
PJM,2024,7,JCPL,JCPL,34.84
PJM,2024,7,METED,METED,34.01
PJM,2024,7,PECO,PECO,39.86
PJM,2024,7,PENELEC,PENELEC,36.59
PJM,2024,7,PEPCO,PEPCO,57.15
PJM,2024,7,PPL,PPL,35.77
PJM,2024,7,PSEG,PSEG,34.92
PJM,2024,7,RECO,RECO,35.79
PJM,2024,8,AECO,AECO,28.88
PJM,2024,8,AEP,AEP,31.26
PJM,2024,8,APS,APS,32.79
PJM,2024,8,ATSI,ATSI,32.07
PJM,2024,8,BGE,BGE,45.97
PJM,2024,8,COMED,COMED,28.7
PJM,2024,8,DAY,DAY,33.19
PJM,2024,8,DEOK,DEOK,31.42
PJM,2024,8,DOM,DOM,37.27
PJM,2024,8,DPL,DPL,37.15
PJM,2024,8,DUQ,DUQ,31.8
PJM,2024,8,EKPC,EKPC,30.73
PJM,2024,8,EXTERNAL,EXTERNAL,29.45
PJM,2024,8,JCPL,JCPL,28.05
PJM,2024,8,METED,METED,27.99
PJM,2024,8,PECO,PECO,28.82
PJM,2024,8,PENELEC,PENELEC,32.63
PJM,2024,8,PEPCO,PEPCO,41.03
PJM,2024,8,PPL,PPL,27.69
PJM,2024,8,PSEG,PSEG,28.06
PJM,2024,8,RECO,RECO,30.35
PJM,2024,9,AECO,AECO,22.48
PJM,2024,9,AEP,AEP,30.55
PJM,2024,9,APS,APS,29.69
PJM,2024,9,ATSI,ATSI,29.51
PJM,2024,9,BGE,BGE,35.95
PJM,2024,9,COMED,COMED,26.93
PJM,2024,9,DAY,DAY,32.54
PJM,2024,9,DEOK,DEOK,30.64
PJM,2024,9,DOM,DOM,34.2
PJM,2024,9,DPL,DPL,25.09
PJM,2024,9,DUQ,DUQ,29.15
PJM,2024,9,EKPC,EKPC,29.84
PJM,2024,9,EXTERNAL,EXTERNAL,26.15
PJM,2024,9,JCPL,JCPL,23.19
PJM,2024,9,METED,METED,25.01
PJM,2024,9,PECO,PECO,21.7
PJM,2024,9,PENELEC,PENELEC,29.12
PJM,2024,9,PEPCO,PEPCO,34.49
PJM,2024,9,PPL,PPL,23.17
PJM,2024,9,PSEG,PSEG,23.4
PJM,2024,9,RECO,RECO,25.91
PJM,2024,10,AECO,AECO,25.15
PJM,2024,10,AEP,AEP,33.55
PJM,2024,10,APS,APS,34.91
PJM,2024,10,ATSI,ATSI,33.61
PJM,2024,10,BGE,BGE,42.93
PJM,2024,10,COMED,COMED,25.96
PJM,2024,10,DAY,DAY,34.7
PJM,2024,10,DEOK,DEOK,33.08
PJM,2024,10,DOM,DOM,38.88
PJM,2024,10,DPL,DPL,30.84
PJM,2024,10,DUQ,DUQ,33.13
PJM,2024,10,EKPC,EKPC,32.99
PJM,2024,10,EXTERNAL,EXTERNAL,28.16
PJM,2024,10,JCPL,JCPL,25.31
PJM,2024,10,METED,METED,24.71
PJM,2024,10,PECO,PECO,24.67
PJM,2024,10,PENELEC,PENELEC,31.41
PJM,2024,10,PEPCO,PEPCO,41.6
PJM,2024,10,PPL,PPL,24.33
PJM,2024,10,PSEG,PSEG,25.69
PJM,2024,10,RECO,RECO,27.8
PJM,2024,11,AECO,AECO,27.49
PJM,2024,11,AEP,AEP,29.65
PJM,2024,11,APS,APS,30.46
PJM,2024,11,ATSI,ATSI,30.5
PJM,2024,11,BGE,BGE,32.91
PJM,2024,11,COMED,COMED,22.69
PJM,2024,11,DAY,DAY,31.77
PJM,2024,11,DEOK,DEOK,29.49
PJM,2024,11,DOM,DOM,32.53
PJM,2024,11,DPL,DPL,28.4
PJM,2024,11,DUQ,DUQ,29.75
PJM,2024,11,EKPC,EKPC,29.22
PJM,2024,11,EXTERNAL,EXTERNAL,28.05
PJM,2024,11,JCPL,JCPL,27.67
PJM,2024,11,METED,METED,28.24
PJM,2024,11,PECO,PECO,26.83
PJM,2024,11,PENELEC,PENELEC,29.39
PJM,2024,11,PEPCO,PEPCO,32.33
PJM,2024,11,PPL,PPL,26.92
PJM,2024,11,PSEG,PSEG,27.91
PJM,2024,11,RECO,RECO,29.19
PJM,2024,12,AECO,AECO,34.71
PJM,2024,12,AEP,AEP,35.42
PJM,2024,12,APS,APS,36.49
PJM,2024,12,ATSI,ATSI,35.38
PJM,2024,12,BGE,BGE,42.38
PJM,2024,12,COMED,COMED,25.07
PJM,2024,12,DAY,DAY,37.03
PJM,2024,12,DEOK,DEOK,35.22
PJM,2024,12,DOM,DOM,42.27
PJM,2024,12,DPL,DPL,38.28
PJM,2024,12,DUQ,DUQ,33.89
PJM,2024,12,EKPC,EKPC,34.65
PJM,2024,12,EXTERNAL,EXTERNAL,37.49
PJM,2024,12,JCPL,JCPL,35.38
PJM,2024,12,METED,METED,35.43
PJM,2024,12,PECO,PECO,33.96
PJM,2024,12,PENELEC,PENELEC,41.94
PJM,2024,12,PEPCO,PEPCO,42.27
PJM,2024,12,PPL,PPL,31.2
PJM,2024,12,PSEG,PSEG,35.85
PJM,2024,12,RECO,RECO,42.55
PJM,2025,1,AECO,AECO,67.62
PJM,2025,1,AEP,AEP,60.13
PJM,2025,1,APS,APS,64.27
PJM,2025,1,ATSI,ATSI,60.0
PJM,2025,1,BGE,BGE,75.23
PJM,2025,1,COMED,COMED,41.55
PJM,2025,1,DAY,DAY,59.29
PJM,2025,1,DEOK,DEOK,56.13
PJM,2025,1,DOM,DOM,75.66
PJM,2025,1,DPL,DPL,73.27
PJM,2025,1,DUQ,DUQ,56.68
PJM,2025,1,EKPC,EKPC,57.44
PJM,2025,1,EXTERNAL,EXTERNAL,61.44
PJM,2025,1,JCPL,JCPL,67.19
PJM,2025,1,METED,METED,68.87
PJM,2025,1,PECO,PECO,66.77
PJM,2025,1,PENELEC,PENELEC,66.13
PJM,2025,1,PEPCO,PEPCO,76.48
PJM,2025,1,PPL,PPL,64.02
PJM,2025,1,PSEG,PSEG,66.99
PJM,2025,1,RECO,RECO,68.16
PJM,2025,2,AECO,AECO,47.15
PJM,2025,2,AEP,AEP,47.11
PJM,2025,2,APS,APS,47.38
PJM,2025,2,ATSI,ATSI,47.34
PJM,2025,2,BGE,BGE,50.89
PJM,2025,2,COMED,COMED,39.06
PJM,2025,2,DAY,DAY,47.49
PJM,2025,2,DEOK,DEOK,45.96
PJM,2025,2,DOM,DOM,50.15
PJM,2025,2,DPL,DPL,48.52
PJM,2025,2,DUQ,DUQ,44.81
PJM,2025,2,EKPC,EKPC,45.74
PJM,2025,2,EXTERNAL,EXTERNAL,50.16
PJM,2025,2,JCPL,JCPL,47.54
PJM,2025,2,METED,METED,46.38
PJM,2025,2,PECO,PECO,46.44
PJM,2025,2,PENELEC,PENELEC,55.52
PJM,2025,2,PEPCO,PEPCO,50.93
PJM,2025,2,PPL,PPL,43.63
PJM,2025,2,PSEG,PSEG,49.35
PJM,2025,2,RECO,RECO,56.6
PJM,2025,3,AECO,AECO,34.41
PJM,2025,3,AEP,AEP,40.29
PJM,2025,3,APS,APS,43.83
PJM,2025,3,ATSI,ATSI,42.0
PJM,2025,3,BGE,BGE,51.01
PJM,2025,3,COMED,COMED,25.47
PJM,2025,3,DAY,DAY,40.81
PJM,2025,3,DEOK,DEOK,39.85
PJM,2025,3,DOM,DOM,46.73
PJM,2025,3,DPL,DPL,34.97
PJM,2025,3,DUQ,DUQ,41.17
PJM,2025,3,EKPC,EKPC,39.63
PJM,2025,3,EXTERNAL,EXTERNAL,36.77
PJM,2025,3,JCPL,JCPL,37.36
PJM,2025,3,METED,METED,40.69
PJM,2025,3,PECO,PECO,33.23
PJM,2025,3,PENELEC,PENELEC,45.26
PJM,2025,3,PEPCO,PEPCO,49.37
PJM,2025,3,PPL,PPL,35.76
PJM,2025,3,PSEG,PSEG,36.4
PJM,2025,3,RECO,RECO,39.82
PJM,2025,4,AECO,AECO,36.01
PJM,2025,4,AEP,AEP,45.75
PJM,2025,4,APS,APS,45.97
PJM,2025,4,ATSI,ATSI,45.69
PJM,2025,4,BGE,BGE,52.58
PJM,2025,4,COMED,COMED,23.62
PJM,2025,4,DAY,DAY,46.35
PJM,2025,4,DEOK,DEOK,46.05
PJM,2025,4,DOM,DOM,56.38
PJM,2025,4,DPL,DPL,36.53
PJM,2025,4,DUQ,DUQ,44.96
PJM,2025,4,EKPC,EKPC,44.8
PJM,2025,4,EXTERNAL,EXTERNAL,37.49
PJM,2025,4,JCPL,JCPL,36.53
PJM,2025,4,METED,METED,38.38
PJM,2025,4,PECO,PECO,35.1
PJM,2025,4,PENELEC,PENELEC,43.36
PJM,2025,4,PEPCO,PEPCO,50.07
PJM,2025,4,PPL,PPL,36.54
PJM,2025,4,PSEG,PSEG,36.71
PJM,2025,4,RECO,RECO,37.83
PJM,2025,5,AECO,AECO,28.53
PJM,2025,5,AEP,AEP,32.93
PJM,2025,5,APS,APS,32.58
PJM,2025,5,ATSI,ATSI,31.93
PJM,2025,5,BGE,BGE,40.44
PJM,2025,5,COMED,COMED,29.54
PJM,2025,5,DAY,DAY,33.73
PJM,2025,5,DEOK,DEOK,32.93
PJM,2025,5,DOM,DOM,53.88
PJM,2025,5,DPL,DPL,28.2
PJM,2025,5,DUQ,DUQ,31.34
PJM,2025,5,EKPC,EKPC,32.53
PJM,2025,5,EXTERNAL,EXTERNAL,30.01
PJM,2025,5,JCPL,JCPL,28.76
PJM,2025,5,METED,METED,32.94
PJM,2025,5,PECO,PECO,27.84
PJM,2025,5,PENELEC,PENELEC,32.16
PJM,2025,5,PEPCO,PEPCO,41.7
PJM,2025,5,PPL,PPL,28.8
PJM,2025,5,PSEG,PSEG,28.81
PJM,2025,5,RECO,RECO,29.69
PJM,2025,6,AECO,AECO,37.56
PJM,2025,6,AEP,AEP,44.89
PJM,2025,6,APS,APS,43.67
PJM,2025,6,ATSI,ATSI,43.89
PJM,2025,6,BGE,BGE,57.75
PJM,2025,6,COMED,COMED,40.22
PJM,2025,6,DAY,DAY,44.83
PJM,2025,6,DEOK,DEOK,43.17
PJM,2025,6,DOM,DOM,63.31
PJM,2025,6,DPL,DPL,44.81
PJM,2025,6,DUQ,DUQ,42.25
PJM,2025,6,EKPC,EKPC,42.12
PJM,2025,6,EXTERNAL,EXTERNAL,40.65
PJM,2025,6,JCPL,JCPL,37.04
PJM,2025,6,METED,METED,41.39
PJM,2025,6,PECO,PECO,35.57
PJM,2025,6,PENELEC,PENELEC,45.89
PJM,2025,6,PEPCO,PEPCO,53.83
PJM,2025,6,PPL,PPL,35.56
PJM,2025,6,PSEG,PSEG,37.34
PJM,2025,6,RECO,RECO,42.31
PJM,2025,7,AECO,AECO,56.35
PJM,2025,7,AEP,AEP,54.67
PJM,2025,7,APS,APS,56.81
PJM,2025,7,ATSI,ATSI,55.67
PJM,2025,7,BGE,BGE,73.94
PJM,2025,7,COMED,COMED,54.21
PJM,2025,7,DAY,DAY,56.44
PJM,2025,7,DEOK,DEOK,54.51
PJM,2025,7,DOM,DOM,77.96
PJM,2025,7,DPL,DPL,69.1
PJM,2025,7,DUQ,DUQ,53.47
PJM,2025,7,EKPC,EKPC,53.65
PJM,2025,7,EXTERNAL,EXTERNAL,56.68
PJM,2025,7,JCPL,JCPL,54.85
PJM,2025,7,METED,METED,59.07
PJM,2025,7,PECO,PECO,54.16
PJM,2025,7,PENELEC,PENELEC,58.75
PJM,2025,7,PEPCO,PEPCO,77.4
PJM,2025,7,PPL,PPL,52.73
PJM,2025,7,PSEG,PSEG,54.86
PJM,2025,7,RECO,RECO,60.88
PJM,2025,8,AECO,AECO,32.34
PJM,2025,8,AEP,AEP,36.29
PJM,2025,8,APS,APS,35.18
PJM,2025,8,ATSI,ATSI,36.65
PJM,2025,8,BGE,BGE,40.94
PJM,2025,8,COMED,COMED,37.03
PJM,2025,8,DAY,DAY,37.61
PJM,2025,8,DEOK,DEOK,36.36
PJM,2025,8,DOM,DOM,39.42
PJM,2025,8,DPL,DPL,34.36
PJM,2025,8,DUQ,DUQ,34.84
PJM,2025,8,EKPC,EKPC,35.79
PJM,2025,8,EXTERNAL,EXTERNAL,35.69
PJM,2025,8,JCPL,JCPL,32.33
PJM,2025,8,METED,METED,32.73
PJM,2025,8,PECO,PECO,31.56
PJM,2025,8,PENELEC,PENELEC,37.17
PJM,2025,8,PEPCO,PEPCO,38.3
PJM,2025,8,PPL,PPL,29.93
PJM,2025,8,PSEG,PSEG,32.38
PJM,2025,8,RECO,RECO,37.19
PJM,2025,9,AECO,AECO,26.67
PJM,2025,9,AEP,AEP,39.95
PJM,2025,9,APS,APS,40.09
PJM,2025,9,ATSI,ATSI,38.47
PJM,2025,9,BGE,BGE,51.71
PJM,2025,9,COMED,COMED,36.85
PJM,2025,9,DAY,DAY,40.73
PJM,2025,9,DEOK,DEOK,39.65
PJM,2025,9,DOM,DOM,52.25
PJM,2025,9,DPL,DPL,28.52
PJM,2025,9,DUQ,DUQ,37.63
PJM,2025,9,EKPC,EKPC,39.72
PJM,2025,9,EXTERNAL,EXTERNAL,32.79
PJM,2025,9,JCPL,JCPL,26.61
PJM,2025,9,METED,METED,28.91
PJM,2025,9,PECO,PECO,26.65
PJM,2025,9,PENELEC,PENELEC,38.38
PJM,2025,9,PEPCO,PEPCO,48.24
PJM,2025,9,PPL,PPL,25.45
PJM,2025,9,PSEG,PSEG,27.18
PJM,2025,9,RECO,RECO,31.34
PJM,2025,10,AECO,AECO,37.01
PJM,2025,10,AEP,AEP,49.17
PJM,2025,10,APS,APS,49.94
PJM,2025,10,ATSI,ATSI,49.01
PJM,2025,10,BGE,BGE,62.15
PJM,2025,10,COMED,COMED,34.75
PJM,2025,10,DAY,DAY,49.59
PJM,2025,10,DEOK,DEOK,47.97
PJM,2025,10,DOM,DOM,75.97
PJM,2025,10,DPL,DPL,37.76
PJM,2025,10,DUQ,DUQ,47.97
PJM,2025,10,EKPC,EKPC,46.99
PJM,2025,10,EXTERNAL,EXTERNAL,39.79
PJM,2025,10,JCPL,JCPL,36.68
PJM,2025,10,METED,METED,35.31
PJM,2025,10,PECO,PECO,36.94
PJM,2025,10,PENELEC,PENELEC,45.32
PJM,2025,10,PEPCO,PEPCO,58.78
PJM,2025,10,PPL,PPL,34.47
PJM,2025,10,PSEG,PSEG,37.13
PJM,2025,10,RECO,RECO,39.01
PJM,2025,11,AECO,AECO,41.8
PJM,2025,11,AEP,AEP,48.06
PJM,2025,11,APS,APS,52.12
PJM,2025,11,ATSI,ATSI,48.18
PJM,2025,11,BGE,BGE,64.62
PJM,2025,11,COMED,COMED,36.93
PJM,2025,11,DAY,DAY,49.35
PJM,2025,11,DEOK,DEOK,49.57
PJM,2025,11,DOM,DOM,61.43
PJM,2025,11,DPL,DPL,43.03
PJM,2025,11,DUQ,DUQ,47.44
PJM,2025,11,EKPC,EKPC,47.26
PJM,2025,11,EXTERNAL,EXTERNAL,43.97
PJM,2025,11,JCPL,JCPL,42.33
PJM,2025,11,METED,METED,42.21
PJM,2025,11,PECO,PECO,41.39
PJM,2025,11,PENELEC,PENELEC,50.42
PJM,2025,11,PEPCO,PEPCO,62.34
PJM,2025,11,PPL,PPL,39.92
PJM,2025,11,PSEG,PSEG,42.67
PJM,2025,11,RECO,RECO,45.68
PJM,2025,12,AECO,AECO,55.06
PJM,2025,12,AEP,AEP,50.44
PJM,2025,12,APS,APS,59.4
PJM,2025,12,ATSI,ATSI,51.21
PJM,2025,12,BGE,BGE,66.53
PJM,2025,12,COMED,COMED,40.4
PJM,2025,12,DAY,DAY,50.8
PJM,2025,12,DEOK,DEOK,49.07
PJM,2025,12,DOM,DOM,66.12
PJM,2025,12,DPL,DPL,80.39
PJM,2025,12,DUQ,DUQ,46.09
PJM,2025,12,EKPC,EKPC,49.41
PJM,2025,12,EXTERNAL,EXTERNAL,59.12
PJM,2025,12,JCPL,JCPL,55.67
PJM,2025,12,METED,METED,55.77
PJM,2025,12,PECO,PECO,54.66
PJM,2025,12,PENELEC,PENELEC,69.44
PJM,2025,12,PEPCO,PEPCO,67.09
PJM,2025,12,PPL,PPL,49.6
PJM,2025,12,PSEG,PSEG,59.95
PJM,2025,12,RECO,RECO,68.99
